,Largos,Dimension,Semillas
1,60,40,4
2,37,40,4
3,3,40,4
4,8,40,4
5,18,40,4
6,8,40,4
7,8,40,4
8,16,40,4
9,2,40,4
10,10,40,4
11,28,40,4
12,7,40,4
13,15,40,4
14,23,40,4
15,17,40,4
16,24,40,4
17,17,40,4
18,80,40,4
19,6,40,4
20,9,40,4
21,10,40,4
22,20,40,4
23,13,40,4
24,37,40,4
25,15,40,4
26,60,40,4
27,14,40,4
28,27,40,4
29,19,40,4
30,14,40,4
31,10,40,4
32,61,40,4
33,21,40,4
34,15,40,4
35,54,40,4
36,10,40,4
37,56,40,4
38,17,40,4
39,3,40,4
40,10,40,4
41,9,40,4
42,11,40,4
43,26,40,4
44,10,40,4
45,24,40,4
46,29,40,4
47,24,40,4
48,41,40,4
49,17,40,4
50,7,40,4
51,18,40,4
52,11,40,4
53,9,40,4
54,29,40,4
55,18,40,4
56,5,40,4
57,18,40,4
58,17,40,4
59,23,40,4
60,8,40,4
61,17,40,4
62,11,40,4
63,6,40,4
64,5,40,4
65,10,40,4
66,8,40,4
67,18,40,4
68,10,40,4
69,11,40,4
70,9,40,4
71,14,40,4
72,24,40,4
73,12,40,4
74,27,40,4
75,11,40,4
76,4,40,4
77,5,40,4
78,11,40,4
79,16,40,4
80,7,40,4
81,12,40,4
82,16,40,4
83,4,40,4
84,53,40,4
85,25,40,4
86,16,40,4
87,13,40,4
88,14,40,4
89,3,40,4
90,5,40,4
91,25,40,4
92,10,40,4
93,15,40,4
94,9,40,4
95,14,40,4
96,30,40,4
97,24,40,4
98,30,40,4
99,4,40,4
100,13,40,4
101,12,40,4
102,23,40,4
103,8,40,4
104,92,40,4
105,15,40,4
106,6,40,4
107,26,40,4
108,7,40,4
109,5,40,4
110,19,40,4
111,18,40,4
112,18,40,4
113,16,40,4
114,10,40,4
115,23,40,4
116,15,40,4
117,13,40,4
118,9,40,4
119,30,40,4
120,13,40,4
121,7,40,4
122,12,40,4
123,15,40,4
124,7,40,4
125,10,40,4
126,15,40,4
127,25,40,4
128,15,40,4
129,17,40,4
130,68,40,4
131,6,40,4
132,37,40,4
133,21,40,4
134,10,40,4
135,6,40,4
136,9,40,4
137,33,40,4
138,9,40,4
139,14,40,4
140,9,40,4
141,17,40,4
142,5,40,4
143,10,40,4
144,24,40,4
145,20,40,4
146,21,40,4
147,24,40,4
148,6,40,4
149,6,40,4
150,12,40,4
151,14,40,4
152,29,40,4
153,25,40,4
154,14,40,4
155,34,40,4
156,26,40,4
157,16,40,4
158,10,40,4
159,29,40,4
160,30,40,4
161,6,40,4
162,10,40,4
163,5,40,4
164,6,40,4
165,26,40,4
166,2,40,4
167,10,40,4
168,13,40,4
169,16,40,4
170,13,40,4
171,19,40,4
172,36,40,4
173,15,40,4
174,9,40,4
175,23,40,4
176,13,40,4
177,5,40,4
178,24,40,4
179,14,40,4
180,16,40,4
181,6,40,4
182,16,40,4
183,21,40,4
184,15,40,4
185,53,40,4
186,6,40,4
187,5,40,4
188,13,40,4
189,4,40,4
190,11,40,4
191,47,40,4
192,6,40,4
193,64,40,4
194,9,40,4
195,23,40,4
196,7,40,4
197,91,40,4
198,16,40,4
199,9,40,4
200,20,40,4
201,8,40,20
202,56,40,20
203,12,40,20
204,30,40,20
205,86,40,20
206,66,40,20
207,10,40,20
208,3,40,20
209,123,40,20
210,67,40,20
211,67,40,20
212,21,40,20
213,75,40,20
214,7,40,20
215,6,40,20
216,3,40,20
217,53,40,20
218,112,40,20
219,49,40,20
220,65,40,20
221,11,40,20
222,7,40,20
223,36,40,20
224,5,40,20
225,24,40,20
226,4,40,20
227,70,40,20
228,23,40,20
229,33,40,20
230,20,40,20
231,23,40,20
232,15,40,20
233,12,40,20
234,19,40,20
235,9,40,20
236,77,40,20
237,51,40,20
238,47,40,20
239,17,40,20
240,20,40,20
241,64,40,20
242,5,40,20
243,67,40,20
244,12,40,20
245,64,40,20
246,38,40,20
247,74,40,20
248,6,40,20
249,11,40,20
250,15,40,20
251,26,40,20
252,2,40,20
253,66,40,20
254,19,40,20
255,43,40,20
256,29,40,20
257,12,40,20
258,25,40,20
259,8,40,20
260,28,40,20
261,6,40,20
262,39,40,20
263,70,40,20
264,63,40,20
265,7,40,20
266,15,40,20
267,30,40,20
268,12,40,20
269,4,40,20
270,60,40,20
271,63,40,20
272,21,40,20
273,24,40,20
274,25,40,20
275,10,40,20
276,6,40,20
277,21,40,20
278,18,40,20
279,39,40,20
280,20,40,20
281,31,40,20
282,5,40,20
283,26,40,20
284,43,40,20
285,46,40,20
286,78,40,20
287,10,40,20
288,13,40,20
289,12,40,20
290,36,40,20
291,34,40,20
292,21,40,20
293,30,40,20
294,24,40,20
295,20,40,20
296,15,40,20
297,9,40,20
298,15,40,20
299,27,40,20
300,74,40,20
301,5,40,20
302,107,40,20
303,36,40,20
304,21,40,20
305,22,40,20
306,28,40,20
307,6,40,20
308,60,40,20
309,16,40,20
310,6,40,20
311,9,40,20
312,12,40,20
313,38,40,20
314,12,40,20
315,10,40,20
316,29,40,20
317,38,40,20
318,79,40,20
319,17,40,20
320,11,40,20
321,19,40,20
322,37,40,20
323,8,40,20
324,12,40,20
325,28,40,20
326,13,40,20
327,40,40,20
328,5,40,20
329,119,40,20
330,29,40,20
331,34,40,20
332,13,40,20
333,46,40,20
334,61,40,20
335,57,40,20
336,100,40,20
337,21,40,20
338,46,40,20
339,96,40,20
340,23,40,20
341,22,40,20
342,28,40,20
343,17,40,20
344,13,40,20
345,19,40,20
346,196,40,20
347,31,40,20
348,7,40,20
349,39,40,20
350,12,40,20
351,35,40,20
352,18,40,20
353,16,40,20
354,15,40,20
355,98,40,20
356,62,40,20
357,40,40,20
358,11,40,20
359,36,40,20
360,25,40,20
361,24,40,20
362,28,40,20
363,25,40,20
364,8,40,20
365,33,40,20
366,3,40,20
367,43,40,20
368,35,40,20
369,23,40,20
370,11,40,20
371,36,40,20
372,15,40,20
373,18,40,20
374,9,40,20
375,17,40,20
376,30,40,20
377,41,40,20
378,39,40,20
379,19,40,20
380,53,40,20
381,71,40,20
382,128,40,20
383,62,40,20
384,163,40,20
385,15,40,20
386,7,40,20
387,10,40,20
388,16,40,20
389,81,40,20
390,27,40,20
391,11,40,20
392,5,40,20
393,16,40,20
394,70,40,20
395,5,40,20
396,82,40,20
397,49,40,20
398,68,40,20
399,14,40,20
400,8,40,20
401,233,40,40
402,123,40,40
403,3,40,40
404,80,40,40
405,15,40,40
406,4,40,40
407,140,40,40
408,146,40,40
409,45,40,40
410,58,40,40
411,6,40,40
412,117,40,40
413,7,40,40
414,50,40,40
415,35,40,40
416,34,40,40
417,12,40,40
418,217,40,40
419,81,40,40
420,24,40,40
421,119,40,40
422,86,40,40
423,20,40,40
424,38,40,40
425,15,40,40
426,26,40,40
427,123,40,40
428,38,40,40
429,114,40,40
430,54,40,40
431,21,40,40
432,26,40,40
433,61,40,40
434,6,40,40
435,36,40,40
436,35,40,40
437,7,40,40
438,32,40,40
439,29,40,40
440,32,40,40
441,25,40,40
442,13,40,40
443,33,40,40
444,62,40,40
445,58,40,40
446,4,40,40
447,124,40,40
448,65,40,40
449,120,40,40
450,176,40,40
451,10,40,40
452,135,40,40
453,35,40,40
454,13,40,40
455,57,40,40
456,109,40,40
457,33,40,40
458,120,40,40
459,150,40,40
460,7,40,40
461,7,40,40
462,152,40,40
463,28,40,40
464,34,40,40
465,77,40,40
466,7,40,40
467,83,40,40
468,5,40,40
469,154,40,40
470,95,40,40
471,16,40,40
472,26,40,40
473,31,40,40
474,18,40,40
475,59,40,40
476,54,40,40
477,75,40,40
478,33,40,40
479,9,40,40
480,14,40,40
481,19,40,40
482,71,40,40
483,4,40,40
484,56,40,40
485,65,40,40
486,74,40,40
487,5,40,40
488,130,40,40
489,25,40,40
490,79,40,40
491,22,40,40
492,24,40,40
493,41,40,40
494,199,40,40
495,91,40,40
496,99,40,40
497,82,40,40
498,66,40,40
499,59,40,40
500,12,40,40
501,31,40,40
502,54,40,40
503,168,40,40
504,55,40,40
505,7,40,40
506,12,40,40
507,36,40,40
508,74,40,40
509,92,40,40
510,6,40,40
511,11,40,40
512,17,40,40
513,78,40,40
514,67,40,40
515,15,40,40
516,61,40,40
517,42,40,40
518,9,40,40
519,37,40,40
520,291,40,40
521,7,40,40
522,5,40,40
523,154,40,40
524,4,40,40
525,23,40,40
526,138,40,40
527,80,40,40
528,15,40,40
529,88,40,40
530,56,40,40
531,9,40,40
532,131,40,40
533,66,40,40
534,16,40,40
535,87,40,40
536,242,40,40
537,65,40,40
538,23,40,40
539,34,40,40
540,25,40,40
541,84,40,40
542,37,40,40
543,106,40,40
544,52,40,40
545,132,40,40
546,67,40,40
547,21,40,40
548,21,40,40
549,167,40,40
550,41,40,40
551,83,40,40
552,134,40,40
553,9,40,40
554,17,40,40
555,5,40,40
556,71,40,40
557,104,40,40
558,28,40,40
559,26,40,40
560,162,40,40
561,9,40,40
562,39,40,40
563,56,40,40
564,19,40,40
565,31,40,40
566,74,40,40
567,35,40,40
568,10,40,40
569,70,40,40
570,153,40,40
571,13,40,40
572,20,40,40
573,51,40,40
574,6,40,40
575,9,40,40
576,92,40,40
577,44,40,40
578,6,40,40
579,7,40,40
580,26,40,40
581,232,40,40
582,51,40,40
583,23,40,40
584,200,40,40
585,8,40,40
586,238,40,40
587,32,40,40
588,37,40,40
589,30,40,40
590,21,40,40
591,84,40,40
592,42,40,40
593,140,40,40
594,65,40,40
595,58,40,40
596,41,40,40
597,15,40,40
598,62,40,40
599,46,40,40
600,33,40,40
601,27,40,80
602,198,40,80
603,43,40,80
604,63,40,80
605,65,40,80
606,5,40,80
607,126,40,80
608,195,40,80
609,218,40,80
610,65,40,80
611,49,40,80
612,53,40,80
613,199,40,80
614,43,40,80
615,112,40,80
616,119,40,80
617,31,40,80
618,38,40,80
619,22,40,80
620,45,40,80
621,157,40,80
622,62,40,80
623,60,40,80
624,78,40,80
625,23,40,80
626,135,40,80
627,118,40,80
628,14,40,80
629,52,40,80
630,73,40,80
631,70,40,80
632,2,40,80
633,232,40,80
634,7,40,80
635,148,40,80
636,26,40,80
637,185,40,80
638,37,40,80
639,88,40,80
640,9,40,80
641,159,40,80
642,75,40,80
643,126,40,80
644,102,40,80
645,20,40,80
646,274,40,80
647,19,40,80
648,96,40,80
649,122,40,80
650,75,40,80
651,35,40,80
652,352,40,80
653,201,40,80
654,14,40,80
655,52,40,80
656,70,40,80
657,116,40,80
658,13,40,80
659,18,40,80
660,22,40,80
661,84,40,80
662,323,40,80
663,152,40,80
664,113,40,80
665,157,40,80
666,29,40,80
667,108,40,80
668,202,40,80
669,138,40,80
670,114,40,80
671,121,40,80
672,167,40,80
673,35,40,80
674,74,40,80
675,111,40,80
676,82,40,80
677,86,40,80
678,21,40,80
679,16,40,80
680,25,40,80
681,183,40,80
682,97,40,80
683,40,40,80
684,62,40,80
685,62,40,80
686,148,40,80
687,100,40,80
688,10,40,80
689,92,40,80
690,67,40,80
691,63,40,80
692,42,40,80
693,72,40,80
694,62,40,80
695,116,40,80
696,17,40,80
697,107,40,80
698,65,40,80
699,168,40,80
700,61,40,80
701,15,40,80
702,121,40,80
703,112,40,80
704,3,40,80
705,213,40,80
706,82,40,80
707,43,40,80
708,205,40,80
709,61,40,80
710,75,40,80
711,53,40,80
712,214,40,80
713,60,40,80
714,17,40,80
715,62,40,80
716,109,40,80
717,20,40,80
718,42,40,80
719,94,40,80
720,210,40,80
721,80,40,80
722,287,40,80
723,61,40,80
724,63,40,80
725,56,40,80
726,46,40,80
727,15,40,80
728,110,40,80
729,135,40,80
730,73,40,80
731,16,40,80
732,151,40,80
733,14,40,80
734,93,40,80
735,104,40,80
736,83,40,80
737,74,40,80
738,94,40,80
739,18,40,80
740,112,40,80
741,139,40,80
742,23,40,80
743,63,40,80
744,30,40,80
745,7,40,80
746,15,40,80
747,23,40,80
748,29,40,80
749,61,40,80
750,7,40,80
751,24,40,80
752,67,40,80
753,126,40,80
754,223,40,80
755,33,40,80
756,27,40,80
757,17,40,80
758,135,40,80
759,106,40,80
760,115,40,80
761,4,40,80
762,140,40,80
763,20,40,80
764,152,40,80
765,41,40,80
766,21,40,80
767,152,40,80
768,116,40,80
769,244,40,80
770,16,40,80
771,50,40,80
772,72,40,80
773,352,40,80
774,129,40,80
775,61,40,80
776,16,40,80
777,101,40,80
778,39,40,80
779,15,40,80
780,52,40,80
781,86,40,80
782,93,40,80
783,55,40,80
784,86,40,80
785,132,40,80
786,186,40,80
787,147,40,80
788,55,40,80
789,70,40,80
790,25,40,80
791,68,40,80
792,6,40,80
793,32,40,80
794,32,40,80
795,26,40,80
796,147,40,80
797,63,40,80
798,6,40,80
799,348,40,80
800,287,40,80
801,197,40,800
802,8,40,800
803,102,40,800
804,73,40,800
805,75,40,800
806,75,40,800
807,155,40,800
808,191,40,800
809,235,40,800
810,178,40,800
811,129,40,800
812,57,40,800
813,110,40,800
814,26,40,800
815,77,40,800
816,69,40,800
817,137,40,800
818,136,40,800
819,65,40,800
820,45,40,800
821,189,40,800
822,127,40,800
823,160,40,800
824,68,40,800
825,19,40,800
826,38,40,800
827,183,40,800
828,68,40,800
829,16,40,800
830,48,40,800
831,81,40,800
832,17,40,800
833,78,40,800
834,107,40,800
835,37,40,800
836,47,40,800
837,139,40,800
838,440,40,800
839,34,40,800
840,267,40,800
841,86,40,800
842,44,40,800
843,47,40,800
844,203,40,800
845,228,40,800
846,43,40,800
847,253,40,800
848,125,40,800
849,61,40,800
850,109,40,800
851,129,40,800
852,212,40,800
853,194,40,800
854,297,40,800
855,96,40,800
856,80,40,800
857,114,40,800
858,54,40,800
859,198,40,800
860,83,40,800
861,29,40,800
862,51,40,800
863,206,40,800
864,238,40,800
865,53,40,800
866,36,40,800
867,30,40,800
868,29,40,800
869,32,40,800
870,37,40,800
871,67,40,800
872,296,40,800
873,198,40,800
874,117,40,800
875,374,40,800
876,73,40,800
877,358,40,800
878,241,40,800
879,48,40,800
880,220,40,800
881,45,40,800
882,194,40,800
883,101,40,800
884,207,40,800
885,47,40,800
886,13,40,800
887,79,40,800
888,53,40,800
889,128,40,800
890,103,40,800
891,14,40,800
892,49,40,800
893,145,40,800
894,43,40,800
895,56,40,800
896,183,40,800
897,79,40,800
898,12,40,800
899,73,40,800
900,44,40,800
901,53,40,800
902,46,40,800
903,61,40,800
904,110,40,800
905,144,40,800
906,118,40,800
907,43,40,800
908,76,40,800
909,42,40,800
910,127,40,800
911,71,40,800
912,263,40,800
913,89,40,800
914,88,40,800
915,71,40,800
916,195,40,800
917,130,40,800
918,48,40,800
919,203,40,800
920,267,40,800
921,77,40,800
922,56,40,800
923,13,40,800
924,96,40,800
925,196,40,800
926,29,40,800
927,97,40,800
928,158,40,800
929,109,40,800
930,72,40,800
931,138,40,800
932,103,40,800
933,182,40,800
934,40,40,800
935,169,40,800
936,50,40,800
937,352,40,800
938,143,40,800
939,224,40,800
940,103,40,800
941,36,40,800
942,86,40,800
943,50,40,800
944,17,40,800
945,200,40,800
946,340,40,800
947,106,40,800
948,289,40,800
949,113,40,800
950,29,40,800
951,243,40,800
952,12,40,800
953,57,40,800
954,285,40,800
955,205,40,800
956,100,40,800
957,238,40,800
958,145,40,800
959,48,40,800
960,379,40,800
961,10,40,800
962,222,40,800
963,89,40,800
964,36,40,800
965,31,40,800
966,23,40,800
967,44,40,800
968,61,40,800
969,340,40,800
970,45,40,800
971,60,40,800
972,12,40,800
973,177,40,800
974,196,40,800
975,51,40,800
976,39,40,800
977,327,40,800
978,155,40,800
979,125,40,800
980,137,40,800
981,34,40,800
982,84,40,800
983,14,40,800
984,60,40,800
985,168,40,800
986,237,40,800
987,82,40,800
988,182,40,800
989,64,40,800
990,158,40,800
991,295,40,800
992,282,40,800
993,61,40,800
994,155,40,800
995,90,40,800
996,86,40,800
997,70,40,800
998,25,40,800
999,119,40,800
1000,147,40,800
1001,71,40,1560
1002,8,40,1560
1003,153,40,1560
1004,239,40,1560
1005,354,40,1560
1006,13,40,1560
1007,9,40,1560
1008,15,40,1560
1009,25,40,1560
1010,182,40,1560
1011,85,40,1560
1012,209,40,1560
1013,55,40,1560
1014,27,40,1560
1015,42,40,1560
1016,224,40,1560
1017,135,40,1560
1018,177,40,1560
1019,60,40,1560
1020,59,40,1560
1021,137,40,1560
1022,64,40,1560
1023,117,40,1560
1024,46,40,1560
1025,38,40,1560
1026,231,40,1560
1027,102,40,1560
1028,102,40,1560
1029,34,40,1560
1030,23,40,1560
1031,46,40,1560
1032,169,40,1560
1033,57,40,1560
1034,228,40,1560
1035,140,40,1560
1036,46,40,1560
1037,197,40,1560
1038,100,40,1560
1039,176,40,1560
1040,60,40,1560
1041,71,40,1560
1042,85,40,1560
1043,127,40,1560
1044,32,40,1560
1045,259,40,1560
1046,144,40,1560
1047,155,40,1560
1048,137,40,1560
1049,31,40,1560
1050,66,40,1560
1051,154,40,1560
1052,52,40,1560
1053,183,40,1560
1054,13,40,1560
1055,151,40,1560
1056,139,40,1560
1057,143,40,1560
1058,187,40,1560
1059,8,40,1560
1060,230,40,1560
1061,54,40,1560
1062,35,40,1560
1063,89,40,1560
1064,59,40,1560
1065,307,40,1560
1066,31,40,1560
1067,155,40,1560
1068,41,40,1560
1069,71,40,1560
1070,21,40,1560
1071,37,40,1560
1072,7,40,1560
1073,345,40,1560
1074,68,40,1560
1075,17,40,1560
1076,289,40,1560
1077,141,40,1560
1078,20,40,1560
1079,98,40,1560
1080,18,40,1560
1081,54,40,1560
1082,87,40,1560
1083,73,40,1560
1084,50,40,1560
1085,275,40,1560
1086,34,40,1560
1087,91,40,1560
1088,265,40,1560
1089,48,40,1560
1090,41,40,1560
1091,89,40,1560
1092,170,40,1560
1093,38,40,1560
1094,77,40,1560
1095,35,40,1560
1096,19,40,1560
1097,156,40,1560
1098,27,40,1560
1099,81,40,1560
1100,60,40,1560
1101,31,40,1560
1102,55,40,1560
1103,98,40,1560
1104,68,40,1560
1105,62,40,1560
1106,133,40,1560
1107,182,40,1560
1108,24,40,1560
1109,15,40,1560
1110,62,40,1560
1111,26,40,1560
1112,151,40,1560
1113,17,40,1560
1114,21,40,1560
1115,60,40,1560
1116,52,40,1560
1117,92,40,1560
1118,149,40,1560
1119,168,40,1560
1120,122,40,1560
1121,94,40,1560
1122,22,40,1560
1123,12,40,1560
1124,157,40,1560
1125,91,40,1560
1126,92,40,1560
1127,124,40,1560
1128,41,40,1560
1129,147,40,1560
1130,208,40,1560
1131,266,40,1560
1132,35,40,1560
1133,230,40,1560
1134,152,40,1560
1135,128,40,1560
1136,52,40,1560
1137,12,40,1560
1138,45,40,1560
1139,293,40,1560
1140,123,40,1560
1141,102,40,1560
1142,273,40,1560
1143,19,40,1560
1144,125,40,1560
1145,331,40,1560
1146,109,40,1560
1147,326,40,1560
1148,6,40,1560
1149,55,40,1560
1150,15,40,1560
1151,13,40,1560
1152,103,40,1560
1153,168,40,1560
1154,27,40,1560
1155,60,40,1560
1156,11,40,1560
1157,173,40,1560
1158,216,40,1560
1159,53,40,1560
1160,99,40,1560
1161,65,40,1560
1162,94,40,1560
1163,353,40,1560
1164,68,40,1560
1165,181,40,1560
1166,132,40,1560
1167,109,40,1560
1168,514,40,1560
1169,19,40,1560
1170,12,40,1560
1171,42,40,1560
1172,310,40,1560
1173,67,40,1560
1174,169,40,1560
1175,148,40,1560
1176,94,40,1560
1177,189,40,1560
1178,331,40,1560
1179,41,40,1560
1180,200,40,1560
1181,39,40,1560
1182,322,40,1560
1183,37,40,1560
1184,17,40,1560
1185,114,40,1560
1186,145,40,1560
1187,132,40,1560
1188,304,40,1560
1189,38,40,1560
1190,99,40,1560
1191,134,40,1560
1192,115,40,1560
1193,106,40,1560
1194,76,40,1560
1195,144,40,1560
1196,184,40,1560
1197,90,40,1560
1198,75,40,1560
1199,101,40,1560
1200,23,40,1560
1201,9,90,9
1202,6,90,9
1203,18,90,9
1204,56,90,9
1205,25,90,9
1206,18,90,9
1207,20,90,9
1208,7,90,9
1209,17,90,9
1210,16,90,9
1211,13,90,9
1212,23,90,9
1213,11,90,9
1214,11,90,9
1215,20,90,9
1216,3,90,9
1217,13,90,9
1218,10,90,9
1219,11,90,9
1220,14,90,9
1221,6,90,9
1222,32,90,9
1223,12,90,9
1224,49,90,9
1225,16,90,9
1226,15,90,9
1227,10,90,9
1228,17,90,9
1229,14,90,9
1230,31,90,9
1231,7,90,9
1232,15,90,9
1233,9,90,9
1234,6,90,9
1235,20,90,9
1236,12,90,9
1237,14,90,9
1238,7,90,9
1239,9,90,9
1240,4,90,9
1241,12,90,9
1242,19,90,9
1243,15,90,9
1244,7,90,9
1245,14,90,9
1246,20,90,9
1247,19,90,9
1248,12,90,9
1249,10,90,9
1250,9,90,9
1251,12,90,9
1252,7,90,9
1253,15,90,9
1254,9,90,9
1255,13,90,9
1256,8,90,9
1257,7,90,9
1258,3,90,9
1259,18,90,9
1260,7,90,9
1261,13,90,9
1262,25,90,9
1263,7,90,9
1264,6,90,9
1265,11,90,9
1266,10,90,9
1267,12,90,9
1268,8,90,9
1269,16,90,9
1270,13,90,9
1271,11,90,9
1272,7,90,9
1273,15,90,9
1274,11,90,9
1275,28,90,9
1276,17,90,9
1277,3,90,9
1278,12,90,9
1279,21,90,9
1280,6,90,9
1281,22,90,9
1282,13,90,9
1283,6,90,9
1284,14,90,9
1285,15,90,9
1286,9,90,9
1287,14,90,9
1288,15,90,9
1289,14,90,9
1290,11,90,9
1291,19,90,9
1292,13,90,9
1293,4,90,9
1294,7,90,9
1295,11,90,9
1296,13,90,9
1297,26,90,9
1298,15,90,9
1299,14,90,9
1300,17,90,9
1301,9,90,9
1302,3,90,9
1303,13,90,9
1304,30,90,9
1305,20,90,9
1306,21,90,9
1307,13,90,9
1308,6,90,9
1309,5,90,9
1310,23,90,9
1311,10,90,9
1312,10,90,9
1313,27,90,9
1314,23,90,9
1315,20,90,9
1316,12,90,9
1317,8,90,9
1318,4,90,9
1319,19,90,9
1320,4,90,9
1321,91,90,9
1322,7,90,9
1323,6,90,9
1324,18,90,9
1325,2,90,9
1326,13,90,9
1327,16,90,9
1328,31,90,9
1329,16,90,9
1330,11,90,9
1331,14,90,9
1332,19,90,9
1333,8,90,9
1334,13,90,9
1335,10,90,9
1336,10,90,9
1337,32,90,9
1338,41,90,9
1339,13,90,9
1340,2,90,9
1341,15,90,9
1342,6,90,9
1343,11,90,9
1344,20,90,9
1345,41,90,9
1346,21,90,9
1347,12,90,9
1348,5,90,9
1349,23,90,9
1350,17,90,9
1351,15,90,9
1352,25,90,9
1353,5,90,9
1354,10,90,9
1355,9,90,9
1356,29,90,9
1357,14,90,9
1358,79,90,9
1359,19,90,9
1360,20,90,9
1361,16,90,9
1362,20,90,9
1363,10,90,9
1364,14,90,9
1365,19,90,9
1366,22,90,9
1367,24,90,9
1368,23,90,9
1369,20,90,9
1370,26,90,9
1371,20,90,9
1372,7,90,9
1373,43,90,9
1374,23,90,9
1375,19,90,9
1376,4,90,9
1377,20,90,9
1378,5,90,9
1379,10,90,9
1380,5,90,9
1381,11,90,9
1382,5,90,9
1383,17,90,9
1384,12,90,9
1385,22,90,9
1386,4,90,9
1387,6,90,9
1388,12,90,9
1389,16,90,9
1390,24,90,9
1391,10,90,9
1392,13,90,9
1393,17,90,9
1394,3,90,9
1395,19,90,9
1396,29,90,9
1397,12,90,9
1398,6,90,9
1399,24,90,9
1400,18,90,9
1401,43,90,45
1402,24,90,45
1403,4,90,45
1404,18,90,45
1405,13,90,45
1406,21,90,45
1407,13,90,45
1408,188,90,45
1409,19,90,45
1410,22,90,45
1411,15,90,45
1412,97,90,45
1413,6,90,45
1414,10,90,45
1415,18,90,45
1416,14,90,45
1417,18,90,45
1418,7,90,45
1419,9,90,45
1420,10,90,45
1421,17,90,45
1422,102,90,45
1423,53,90,45
1424,63,90,45
1425,39,90,45
1426,80,90,45
1427,40,90,45
1428,18,90,45
1429,22,90,45
1430,48,90,45
1431,13,90,45
1432,11,90,45
1433,19,90,45
1434,5,90,45
1435,13,90,45
1436,16,90,45
1437,30,90,45
1438,76,90,45
1439,9,90,45
1440,7,90,45
1441,49,90,45
1442,3,90,45
1443,21,90,45
1444,9,90,45
1445,11,90,45
1446,62,90,45
1447,5,90,45
1448,12,90,45
1449,7,90,45
1450,6,90,45
1451,11,90,45
1452,2,90,45
1453,17,90,45
1454,46,90,45
1455,8,90,45
1456,40,90,45
1457,28,90,45
1458,7,90,45
1459,8,90,45
1460,19,90,45
1461,49,90,45
1462,11,90,45
1463,89,90,45
1464,6,90,45
1465,17,90,45
1466,77,90,45
1467,8,90,45
1468,27,90,45
1469,33,90,45
1470,44,90,45
1471,7,90,45
1472,84,90,45
1473,23,90,45
1474,15,90,45
1475,7,90,45
1476,4,90,45
1477,30,90,45
1478,18,90,45
1479,46,90,45
1480,2,90,45
1481,110,90,45
1482,13,90,45
1483,15,90,45
1484,32,90,45
1485,49,90,45
1486,14,90,45
1487,8,90,45
1488,51,90,45
1489,3,90,45
1490,20,90,45
1491,25,90,45
1492,2,90,45
1493,7,90,45
1494,13,90,45
1495,12,90,45
1496,36,90,45
1497,7,90,45
1498,12,90,45
1499,16,90,45
1500,12,90,45
1501,12,90,45
1502,18,90,45
1503,19,90,45
1504,6,90,45
1505,36,90,45
1506,5,90,45
1507,8,90,45
1508,45,90,45
1509,8,90,45
1510,52,90,45
1511,14,90,45
1512,10,90,45
1513,53,90,45
1514,15,90,45
1515,3,90,45
1516,27,90,45
1517,21,90,45
1518,21,90,45
1519,14,90,45
1520,28,90,45
1521,10,90,45
1522,37,90,45
1523,12,90,45
1524,3,90,45
1525,61,90,45
1526,93,90,45
1527,17,90,45
1528,12,90,45
1529,29,90,45
1530,25,90,45
1531,21,90,45
1532,28,90,45
1533,2,90,45
1534,62,90,45
1535,36,90,45
1536,44,90,45
1537,6,90,45
1538,19,90,45
1539,14,90,45
1540,17,90,45
1541,3,90,45
1542,5,90,45
1543,10,90,45
1544,18,90,45
1545,50,90,45
1546,25,90,45
1547,9,90,45
1548,53,90,45
1549,18,90,45
1550,43,90,45
1551,74,90,45
1552,15,90,45
1553,111,90,45
1554,17,90,45
1555,17,90,45
1556,3,90,45
1557,74,90,45
1558,10,90,45
1559,36,90,45
1560,10,90,45
1561,4,90,45
1562,20,90,45
1563,27,90,45
1564,37,90,45
1565,20,90,45
1566,17,90,45
1567,14,90,45
1568,42,90,45
1569,13,90,45
1570,22,90,45
1571,34,90,45
1572,10,90,45
1573,39,90,45
1574,21,90,45
1575,4,90,45
1576,47,90,45
1577,13,90,45
1578,20,90,45
1579,21,90,45
1580,11,90,45
1581,12,90,45
1582,9,90,45
1583,17,90,45
1584,26,90,45
1585,22,90,45
1586,10,90,45
1587,27,90,45
1588,38,90,45
1589,12,90,45
1590,17,90,45
1591,13,90,45
1592,29,90,45
1593,5,90,45
1594,68,90,45
1595,8,90,45
1596,11,90,45
1597,24,90,45
1598,10,90,45
1599,12,90,45
1600,51,90,45
1601,40,90,90
1602,14,90,90
1603,28,90,90
1604,82,90,90
1605,268,90,90
1606,9,90,90
1607,12,90,90
1608,31,90,90
1609,15,90,90
1610,11,90,90
1611,12,90,90
1612,151,90,90
1613,63,90,90
1614,74,90,90
1615,18,90,90
1616,27,90,90
1617,17,90,90
1618,6,90,90
1619,14,90,90
1620,85,90,90
1621,6,90,90
1622,8,90,90
1623,14,90,90
1624,22,90,90
1625,26,90,90
1626,113,90,90
1627,9,90,90
1628,29,90,90
1629,16,90,90
1630,14,90,90
1631,8,90,90
1632,29,90,90
1633,10,90,90
1634,54,90,90
1635,78,90,90
1636,22,90,90
1637,45,90,90
1638,12,90,90
1639,9,90,90
1640,9,90,90
1641,48,90,90
1642,42,90,90
1643,19,90,90
1644,50,90,90
1645,19,90,90
1646,16,90,90
1647,6,90,90
1648,24,90,90
1649,6,90,90
1650,17,90,90
1651,63,90,90
1652,12,90,90
1653,35,90,90
1654,7,90,90
1655,11,90,90
1656,6,90,90
1657,56,90,90
1658,9,90,90
1659,104,90,90
1660,53,90,90
1661,103,90,90
1662,12,90,90
1663,16,90,90
1664,7,90,90
1665,54,90,90
1666,58,90,90
1667,11,90,90
1668,15,90,90
1669,12,90,90
1670,17,90,90
1671,5,90,90
1672,23,90,90
1673,45,90,90
1674,6,90,90
1675,13,90,90
1676,60,90,90
1677,15,90,90
1678,39,90,90
1679,20,90,90
1680,13,90,90
1681,12,90,90
1682,37,90,90
1683,10,90,90
1684,88,90,90
1685,6,90,90
1686,69,90,90
1687,29,90,90
1688,44,90,90
1689,12,90,90
1690,18,90,90
1691,15,90,90
1692,26,90,90
1693,23,90,90
1694,61,90,90
1695,14,90,90
1696,108,90,90
1697,82,90,90
1698,69,90,90
1699,20,90,90
1700,14,90,90
1701,15,90,90
1702,2,90,90
1703,39,90,90
1704,10,90,90
1705,9,90,90
1706,24,90,90
1707,16,90,90
1708,11,90,90
1709,61,90,90
1710,10,90,90
1711,11,90,90
1712,8,90,90
1713,37,90,90
1714,12,90,90
1715,16,90,90
1716,25,90,90
1717,49,90,90
1718,11,90,90
1719,40,90,90
1720,3,90,90
1721,33,90,90
1722,12,90,90
1723,29,90,90
1724,16,90,90
1725,16,90,90
1726,78,90,90
1727,8,90,90
1728,16,90,90
1729,26,90,90
1730,23,90,90
1731,59,90,90
1732,71,90,90
1733,45,90,90
1734,26,90,90
1735,14,90,90
1736,14,90,90
1737,67,90,90
1738,17,90,90
1739,24,90,90
1740,53,90,90
1741,34,90,90
1742,21,90,90
1743,27,90,90
1744,17,90,90
1745,11,90,90
1746,7,90,90
1747,10,90,90
1748,17,90,90
1749,33,90,90
1750,21,90,90
1751,3,90,90
1752,4,90,90
1753,177,90,90
1754,18,90,90
1755,33,90,90
1756,6,90,90
1757,8,90,90
1758,127,90,90
1759,34,90,90
1760,142,90,90
1761,40,90,90
1762,11,90,90
1763,36,90,90
1764,26,90,90
1765,10,90,90
1766,41,90,90
1767,75,90,90
1768,18,90,90
1769,12,90,90
1770,39,90,90
1771,51,90,90
1772,12,90,90
1773,48,90,90
1774,5,90,90
1775,14,90,90
1776,64,90,90
1777,78,90,90
1778,52,90,90
1779,8,90,90
1780,39,90,90
1781,67,90,90
1782,30,90,90
1783,13,90,90
1784,24,90,90
1785,8,90,90
1786,17,90,90
1787,32,90,90
1788,26,90,90
1789,9,90,90
1790,64,90,90
1791,36,90,90
1792,4,90,90
1793,76,90,90
1794,10,90,90
1795,15,90,90
1796,66,90,90
1797,7,90,90
1798,28,90,90
1799,19,90,90
1800,23,90,90
1801,41,90,180
1802,19,90,180
1803,71,90,180
1804,16,90,180
1805,121,90,180
1806,16,90,180
1807,114,90,180
1808,61,90,180
1809,30,90,180
1810,22,90,180
1811,65,90,180
1812,102,90,180
1813,65,90,180
1814,50,90,180
1815,64,90,180
1816,39,90,180
1817,21,90,180
1818,35,90,180
1819,177,90,180
1820,67,90,180
1821,51,90,180
1822,35,90,180
1823,33,90,180
1824,49,90,180
1825,25,90,180
1826,60,90,180
1827,22,90,180
1828,16,90,180
1829,40,90,180
1830,13,90,180
1831,7,90,180
1832,60,90,180
1833,63,90,180
1834,55,90,180
1835,70,90,180
1836,7,90,180
1837,23,90,180
1838,40,90,180
1839,19,90,180
1840,10,90,180
1841,189,90,180
1842,68,90,180
1843,10,90,180
1844,21,90,180
1845,6,90,180
1846,60,90,180
1847,83,90,180
1848,189,90,180
1849,32,90,180
1850,46,90,180
1851,91,90,180
1852,12,90,180
1853,3,90,180
1854,79,90,180
1855,36,90,180
1856,29,90,180
1857,74,90,180
1858,51,90,180
1859,93,90,180
1860,68,90,180
1861,43,90,180
1862,82,90,180
1863,17,90,180
1864,128,90,180
1865,156,90,180
1866,37,90,180
1867,24,90,180
1868,17,90,180
1869,142,90,180
1870,10,90,180
1871,189,90,180
1872,171,90,180
1873,177,90,180
1874,306,90,180
1875,11,90,180
1876,34,90,180
1877,73,90,180
1878,9,90,180
1879,31,90,180
1880,2,90,180
1881,40,90,180
1882,69,90,180
1883,93,90,180
1884,37,90,180
1885,27,90,180
1886,154,90,180
1887,44,90,180
1888,194,90,180
1889,54,90,180
1890,107,90,180
1891,16,90,180
1892,36,90,180
1893,312,90,180
1894,61,90,180
1895,55,90,180
1896,34,90,180
1897,47,90,180
1898,81,90,180
1899,157,90,180
1900,60,90,180
1901,71,90,180
1902,57,90,180
1903,72,90,180
1904,173,90,180
1905,38,90,180
1906,4,90,180
1907,86,90,180
1908,40,90,180
1909,59,90,180
1910,20,90,180
1911,9,90,180
1912,30,90,180
1913,164,90,180
1914,94,90,180
1915,9,90,180
1916,18,90,180
1917,342,90,180
1918,4,90,180
1919,6,90,180
1920,6,90,180
1921,15,90,180
1922,7,90,180
1923,85,90,180
1924,24,90,180
1925,27,90,180
1926,102,90,180
1927,7,90,180
1928,86,90,180
1929,37,90,180
1930,23,90,180
1931,426,90,180
1932,2,90,180
1933,65,90,180
1934,40,90,180
1935,113,90,180
1936,21,90,180
1937,18,90,180
1938,7,90,180
1939,119,90,180
1940,113,90,180
1941,218,90,180
1942,30,90,180
1943,12,90,180
1944,207,90,180
1945,94,90,180
1946,99,90,180
1947,115,90,180
1948,45,90,180
1949,69,90,180
1950,161,90,180
1951,52,90,180
1952,17,90,180
1953,7,90,180
1954,276,90,180
1955,37,90,180
1956,12,90,180
1957,156,90,180
1958,22,90,180
1959,74,90,180
1960,12,90,180
1961,197,90,180
1962,106,90,180
1963,50,90,180
1964,31,90,180
1965,32,90,180
1966,141,90,180
1967,138,90,180
1968,74,90,180
1969,94,90,180
1970,176,90,180
1971,64,90,180
1972,101,90,180
1973,9,90,180
1974,25,90,180
1975,31,90,180
1976,47,90,180
1977,46,90,180
1978,8,90,180
1979,43,90,180
1980,23,90,180
1981,5,90,180
1982,48,90,180
1983,113,90,180
1984,104,90,180
1985,77,90,180
1986,211,90,180
1987,4,90,180
1988,135,90,180
1989,53,90,180
1990,146,90,180
1991,152,90,180
1992,64,90,180
1993,32,90,180
1994,7,90,180
1995,90,90,180
1996,38,90,180
1997,61,90,180
1998,37,90,180
1999,12,90,180
2000,21,90,180
2001,99,90,4050
2002,51,90,4050
2003,128,90,4050
2004,50,90,4050
2005,11,90,4050
2006,335,90,4050
2007,30,90,4050
2008,111,90,4050
2009,48,90,4050
2010,272,90,4050
2011,99,90,4050
2012,5,90,4050
2013,87,90,4050
2014,63,90,4050
2015,270,90,4050
2016,29,90,4050
2017,530,90,4050
2018,34,90,4050
2019,92,90,4050
2020,29,90,4050
2021,197,90,4050
2022,42,90,4050
2023,86,90,4050
2024,451,90,4050
2025,97,90,4050
2026,63,90,4050
2027,216,90,4050
2028,177,90,4050
2029,35,90,4050
2030,101,90,4050
2031,12,90,4050
2032,38,90,4050
2033,328,90,4050
2034,301,90,4050
2035,13,90,4050
2036,60,90,4050
2037,125,90,4050
2038,64,90,4050
2039,47,90,4050
2040,37,90,4050
2041,29,90,4050
2042,76,90,4050
2043,346,90,4050
2044,43,90,4050
2045,148,90,4050
2046,45,90,4050
2047,200,90,4050
2048,68,90,4050
2049,89,90,4050
2050,111,90,4050
2051,135,90,4050
2052,58,90,4050
2053,168,90,4050
2054,137,90,4050
2055,45,90,4050
2056,95,90,4050
2057,122,90,4050
2058,272,90,4050
2059,119,90,4050
2060,15,90,4050
2061,138,90,4050
2062,146,90,4050
2063,149,90,4050
2064,162,90,4050
2065,210,90,4050
2066,249,90,4050
2067,79,90,4050
2068,10,90,4050
2069,24,90,4050
2070,184,90,4050
2071,28,90,4050
2072,297,90,4050
2073,78,90,4050
2074,732,90,4050
2075,166,90,4050
2076,91,90,4050
2077,90,90,4050
2078,64,90,4050
2079,275,90,4050
2080,65,90,4050
2081,119,90,4050
2082,40,90,4050
2083,136,90,4050
2084,249,90,4050
2085,23,90,4050
2086,15,90,4050
2087,180,90,4050
2088,110,90,4050
2089,367,90,4050
2090,175,90,4050
2091,88,90,4050
2092,97,90,4050
2093,195,90,4050
2094,131,90,4050
2095,90,90,4050
2096,82,90,4050
2097,302,90,4050
2098,199,90,4050
2099,40,90,4050
2100,373,90,4050
2101,88,90,4050
2102,176,90,4050
2103,139,90,4050
2104,368,90,4050
2105,288,90,4050
2106,52,90,4050
2107,165,90,4050
2108,250,90,4050
2109,116,90,4050
2110,151,90,4050
2111,19,90,4050
2112,28,90,4050
2113,179,90,4050
2114,173,90,4050
2115,37,90,4050
2116,77,90,4050
2117,130,90,4050
2118,185,90,4050
2119,119,90,4050
2120,35,90,4050
2121,13,90,4050
2122,167,90,4050
2123,75,90,4050
2124,99,90,4050
2125,50,90,4050
2126,55,90,4050
2127,150,90,4050
2128,26,90,4050
2129,308,90,4050
2130,73,90,4050
2131,315,90,4050
2132,205,90,4050
2133,25,90,4050
2134,165,90,4050
2135,118,90,4050
2136,148,90,4050
2137,316,90,4050
2138,100,90,4050
2139,36,90,4050
2140,233,90,4050
2141,51,90,4050
2142,27,90,4050
2143,63,90,4050
2144,170,90,4050
2145,102,90,4050
2146,97,90,4050
2147,78,90,4050
2148,188,90,4050
2149,301,90,4050
2150,114,90,4050
2151,323,90,4050
2152,293,90,4050
2153,55,90,4050
2154,63,90,4050
2155,208,90,4050
2156,101,90,4050
2157,148,90,4050
2158,412,90,4050
2159,193,90,4050
2160,72,90,4050
2161,104,90,4050
2162,33,90,4050
2163,140,90,4050
2164,32,90,4050
2165,136,90,4050
2166,93,90,4050
2167,81,90,4050
2168,72,90,4050
2169,425,90,4050
2170,539,90,4050
2171,28,90,4050
2172,51,90,4050
2173,17,90,4050
2174,12,90,4050
2175,161,90,4050
2176,82,90,4050
2177,74,90,4050
2178,128,90,4050
2179,271,90,4050
2180,57,90,4050
2181,88,90,4050
2182,67,90,4050
2183,60,90,4050
2184,194,90,4050
2185,59,90,4050
2186,15,90,4050
2187,200,90,4050
2188,290,90,4050
2189,194,90,4050
2190,30,90,4050
2191,252,90,4050
2192,160,90,4050
2193,79,90,4050
2194,18,90,4050
2195,28,90,4050
2196,211,90,4050
2197,21,90,4050
2198,187,90,4050
2199,67,90,4050
2200,189,90,4050
2201,112,90,8010
2202,392,90,8010
2203,87,90,8010
2204,81,90,8010
2205,89,90,8010
2206,87,90,8010
2207,83,90,8010
2208,169,90,8010
2209,51,90,8010
2210,322,90,8010
2211,352,90,8010
2212,9,90,8010
2213,45,90,8010
2214,388,90,8010
2215,463,90,8010
2216,120,90,8010
2217,122,90,8010
2218,25,90,8010
2219,340,90,8010
2220,44,90,8010
2221,244,90,8010
2222,199,90,8010
2223,68,90,8010
2224,273,90,8010
2225,12,90,8010
2226,251,90,8010
2227,199,90,8010
2228,125,90,8010
2229,222,90,8010
2230,62,90,8010
2231,81,90,8010
2232,29,90,8010
2233,266,90,8010
2234,280,90,8010
2235,37,90,8010
2236,220,90,8010
2237,167,90,8010
2238,251,90,8010
2239,112,90,8010
2240,97,90,8010
2241,58,90,8010
2242,58,90,8010
2243,63,90,8010
2244,46,90,8010
2245,48,90,8010
2246,123,90,8010
2247,57,90,8010
2248,79,90,8010
2249,51,90,8010
2250,122,90,8010
2251,234,90,8010
2252,90,90,8010
2253,81,90,8010
2254,139,90,8010
2255,63,90,8010
2256,123,90,8010
2257,47,90,8010
2258,42,90,8010
2259,279,90,8010
2260,337,90,8010
2261,64,90,8010
2262,163,90,8010
2263,116,90,8010
2264,204,90,8010
2265,85,90,8010
2266,134,90,8010
2267,138,90,8010
2268,133,90,8010
2269,152,90,8010
2270,182,90,8010
2271,55,90,8010
2272,225,90,8010
2273,231,90,8010
2274,91,90,8010
2275,269,90,8010
2276,165,90,8010
2277,176,90,8010
2278,94,90,8010
2279,32,90,8010
2280,283,90,8010
2281,41,90,8010
2282,479,90,8010
2283,144,90,8010
2284,103,90,8010
2285,38,90,8010
2286,232,90,8010
2287,137,90,8010
2288,12,90,8010
2289,221,90,8010
2290,26,90,8010
2291,346,90,8010
2292,54,90,8010
2293,134,90,8010
2294,60,90,8010
2295,239,90,8010
2296,95,90,8010
2297,497,90,8010
2298,64,90,8010
2299,114,90,8010
2300,117,90,8010
2301,47,90,8010
2302,417,90,8010
2303,10,90,8010
2304,214,90,8010
2305,650,90,8010
2306,68,90,8010
2307,38,90,8010
2308,38,90,8010
2309,65,90,8010
2310,176,90,8010
2311,63,90,8010
2312,116,90,8010
2313,431,90,8010
2314,381,90,8010
2315,89,90,8010
2316,120,90,8010
2317,136,90,8010
2318,65,90,8010
2319,141,90,8010
2320,298,90,8010
2321,66,90,8010
2322,210,90,8010
2323,56,90,8010
2324,58,90,8010
2325,24,90,8010
2326,46,90,8010
2327,388,90,8010
2328,180,90,8010
2329,58,90,8010
2330,223,90,8010
2331,51,90,8010
2332,180,90,8010
2333,143,90,8010
2334,72,90,8010
2335,94,90,8010
2336,27,90,8010
2337,148,90,8010
2338,24,90,8010
2339,130,90,8010
2340,171,90,8010
2341,65,90,8010
2342,98,90,8010
2343,146,90,8010
2344,113,90,8010
2345,21,90,8010
2346,164,90,8010
2347,167,90,8010
2348,106,90,8010
2349,170,90,8010
2350,67,90,8010
2351,20,90,8010
2352,184,90,8010
2353,86,90,8010
2354,77,90,8010
2355,97,90,8010
2356,68,90,8010
2357,164,90,8010
2358,299,90,8010
2359,32,90,8010
2360,71,90,8010
2361,64,90,8010
2362,42,90,8010
2363,428,90,8010
2364,88,90,8010
2365,84,90,8010
2366,334,90,8010
2367,340,90,8010
2368,30,90,8010
2369,170,90,8010
2370,46,90,8010
2371,90,90,8010
2372,54,90,8010
2373,32,90,8010
2374,332,90,8010
2375,240,90,8010
2376,168,90,8010
2377,402,90,8010
2378,550,90,8010
2379,251,90,8010
2380,139,90,8010
2381,112,90,8010
2382,295,90,8010
2383,110,90,8010
2384,159,90,8010
2385,510,90,8010
2386,54,90,8010
2387,44,90,8010
2388,308,90,8010
2389,517,90,8010
2390,107,90,8010
2391,333,90,8010
2392,228,90,8010
2393,96,90,8010
2394,59,90,8010
2395,12,90,8010
2396,104,90,8010
2397,26,90,8010
2398,73,90,8010
2399,31,90,8010
2400,9,90,8010
2401,16,140,14
2402,7,140,14
2403,75,140,14
2404,14,140,14
2405,19,140,14
2406,16,140,14
2407,7,140,14
2408,3,140,14
2409,10,140,14
2410,14,140,14
2411,9,140,14
2412,12,140,14
2413,21,140,14
2414,20,140,14
2415,4,140,14
2416,15,140,14
2417,41,140,14
2418,5,140,14
2419,20,140,14
2420,10,140,14
2421,14,140,14
2422,5,140,14
2423,19,140,14
2424,23,140,14
2425,12,140,14
2426,15,140,14
2427,17,140,14
2428,5,140,14
2429,15,140,14
2430,12,140,14
2431,7,140,14
2432,8,140,14
2433,25,140,14
2434,17,140,14
2435,13,140,14
2436,38,140,14
2437,8,140,14
2438,35,140,14
2439,16,140,14
2440,24,140,14
2441,38,140,14
2442,32,140,14
2443,14,140,14
2444,8,140,14
2445,29,140,14
2446,9,140,14
2447,14,140,14
2448,12,140,14
2449,20,140,14
2450,28,140,14
2451,8,140,14
2452,17,140,14
2453,16,140,14
2454,7,140,14
2455,48,140,14
2456,22,140,14
2457,9,140,14
2458,18,140,14
2459,41,140,14
2460,15,140,14
2461,11,140,14
2462,13,140,14
2463,9,140,14
2464,23,140,14
2465,34,140,14
2466,5,140,14
2467,13,140,14
2468,15,140,14
2469,32,140,14
2470,16,140,14
2471,18,140,14
2472,14,140,14
2473,2,140,14
2474,12,140,14
2475,12,140,14
2476,7,140,14
2477,7,140,14
2478,10,140,14
2479,12,140,14
2480,37,140,14
2481,19,140,14
2482,8,140,14
2483,9,140,14
2484,26,140,14
2485,11,140,14
2486,16,140,14
2487,24,140,14
2488,13,140,14
2489,13,140,14
2490,30,140,14
2491,11,140,14
2492,20,140,14
2493,22,140,14
2494,12,140,14
2495,12,140,14
2496,5,140,14
2497,13,140,14
2498,2,140,14
2499,14,140,14
2500,21,140,14
2501,17,140,14
2502,10,140,14
2503,17,140,14
2504,10,140,14
2505,11,140,14
2506,11,140,14
2507,9,140,14
2508,14,140,14
2509,9,140,14
2510,4,140,14
2511,7,140,14
2512,49,140,14
2513,18,140,14
2514,8,140,14
2515,38,140,14
2516,21,140,14
2517,24,140,14
2518,19,140,14
2519,3,140,14
2520,13,140,14
2521,20,140,14
2522,17,140,14
2523,11,140,14
2524,7,140,14
2525,13,140,14
2526,5,140,14
2527,10,140,14
2528,17,140,14
2529,42,140,14
2530,7,140,14
2531,25,140,14
2532,9,140,14
2533,21,140,14
2534,4,140,14
2535,50,140,14
2536,7,140,14
2537,11,140,14
2538,50,140,14
2539,27,140,14
2540,23,140,14
2541,5,140,14
2542,37,140,14
2543,15,140,14
2544,15,140,14
2545,9,140,14
2546,16,140,14
2547,12,140,14
2548,18,140,14
2549,14,140,14
2550,10,140,14
2551,16,140,14
2552,34,140,14
2553,8,140,14
2554,31,140,14
2555,22,140,14
2556,10,140,14
2557,16,140,14
2558,12,140,14
2559,8,140,14
2560,32,140,14
2561,15,140,14
2562,25,140,14
2563,12,140,14
2564,20,140,14
2565,9,140,14
2566,14,140,14
2567,17,140,14
2568,4,140,14
2569,35,140,14
2570,13,140,14
2571,22,140,14
2572,7,140,14
2573,46,140,14
2574,7,140,14
2575,13,140,14
2576,10,140,14
2577,12,140,14
2578,6,140,14
2579,20,140,14
2580,4,140,14
2581,51,140,14
2582,17,140,14
2583,11,140,14
2584,10,140,14
2585,40,140,14
2586,10,140,14
2587,5,140,14
2588,22,140,14
2589,6,140,14
2590,10,140,14
2591,29,140,14
2592,5,140,14
2593,85,140,14
2594,12,140,14
2595,27,140,14
2596,18,140,14
2597,13,140,14
2598,21,140,14
2599,2,140,14
2600,9,140,14
2601,44,140,70
2602,32,140,70
2603,12,140,70
2604,12,140,70
2605,14,140,70
2606,13,140,70
2607,9,140,70
2608,21,140,70
2609,87,140,70
2610,16,140,70
2611,19,140,70
2612,10,140,70
2613,11,140,70
2614,10,140,70
2615,17,140,70
2616,30,140,70
2617,10,140,70
2618,19,140,70
2619,43,140,70
2620,10,140,70
2621,19,140,70
2622,49,140,70
2623,14,140,70
2624,38,140,70
2625,11,140,70
2626,45,140,70
2627,17,140,70
2628,36,140,70
2629,33,140,70
2630,22,140,70
2631,13,140,70
2632,4,140,70
2633,27,140,70
2634,19,140,70
2635,3,140,70
2636,4,140,70
2637,17,140,70
2638,10,140,70
2639,5,140,70
2640,27,140,70
2641,14,140,70
2642,14,140,70
2643,12,140,70
2644,47,140,70
2645,23,140,70
2646,16,140,70
2647,18,140,70
2648,8,140,70
2649,9,140,70
2650,38,140,70
2651,6,140,70
2652,24,140,70
2653,8,140,70
2654,20,140,70
2655,32,140,70
2656,38,140,70
2657,29,140,70
2658,11,140,70
2659,18,140,70
2660,28,140,70
2661,22,140,70
2662,2,140,70
2663,7,140,70
2664,9,140,70
2665,7,140,70
2666,14,140,70
2667,22,140,70
2668,16,140,70
2669,42,140,70
2670,3,140,70
2671,18,140,70
2672,13,140,70
2673,31,140,70
2674,11,140,70
2675,19,140,70
2676,46,140,70
2677,22,140,70
2678,33,140,70
2679,29,140,70
2680,14,140,70
2681,7,140,70
2682,30,140,70
2683,53,140,70
2684,15,140,70
2685,11,140,70
2686,9,140,70
2687,18,140,70
2688,12,140,70
2689,19,140,70
2690,7,140,70
2691,9,140,70
2692,23,140,70
2693,37,140,70
2694,9,140,70
2695,50,140,70
2696,31,140,70
2697,57,140,70
2698,15,140,70
2699,11,140,70
2700,21,140,70
2701,30,140,70
2702,98,140,70
2703,7,140,70
2704,19,140,70
2705,25,140,70
2706,3,140,70
2707,15,140,70
2708,11,140,70
2709,42,140,70
2710,9,140,70
2711,25,140,70
2712,10,140,70
2713,24,140,70
2714,25,140,70
2715,9,140,70
2716,12,140,70
2717,22,140,70
2718,7,140,70
2719,31,140,70
2720,8,140,70
2721,45,140,70
2722,5,140,70
2723,31,140,70
2724,18,140,70
2725,19,140,70
2726,20,140,70
2727,30,140,70
2728,19,140,70
2729,32,140,70
2730,17,140,70
2731,4,140,70
2732,8,140,70
2733,10,140,70
2734,13,140,70
2735,10,140,70
2736,25,140,70
2737,11,140,70
2738,9,140,70
2739,10,140,70
2740,5,140,70
2741,8,140,70
2742,6,140,70
2743,9,140,70
2744,20,140,70
2745,20,140,70
2746,15,140,70
2747,53,140,70
2748,23,140,70
2749,27,140,70
2750,18,140,70
2751,12,140,70
2752,9,140,70
2753,34,140,70
2754,47,140,70
2755,50,140,70
2756,22,140,70
2757,139,140,70
2758,9,140,70
2759,12,140,70
2760,31,140,70
2761,13,140,70
2762,18,140,70
2763,9,140,70
2764,22,140,70
2765,57,140,70
2766,72,140,70
2767,22,140,70
2768,48,140,70
2769,10,140,70
2770,38,140,70
2771,15,140,70
2772,18,140,70
2773,32,140,70
2774,26,140,70
2775,59,140,70
2776,25,140,70
2777,18,140,70
2778,11,140,70
2779,6,140,70
2780,10,140,70
2781,10,140,70
2782,4,140,70
2783,18,140,70
2784,27,140,70
2785,10,140,70
2786,5,140,70
2787,10,140,70
2788,13,140,70
2789,13,140,70
2790,24,140,70
2791,13,140,70
2792,27,140,70
2793,8,140,70
2794,11,140,70
2795,15,140,70
2796,12,140,70
2797,17,140,70
2798,16,140,70
2799,21,140,70
2800,11,140,70
2801,19,140,140
2802,83,140,140
2803,27,140,140
2804,12,140,140
2805,59,140,140
2806,12,140,140
2807,69,140,140
2808,25,140,140
2809,14,140,140
2810,30,140,140
2811,46,140,140
2812,70,140,140
2813,42,140,140
2814,8,140,140
2815,10,140,140
2816,50,140,140
2817,49,140,140
2818,11,140,140
2819,15,140,140
2820,5,140,140
2821,69,140,140
2822,81,140,140
2823,18,140,140
2824,31,140,140
2825,5,140,140
2826,38,140,140
2827,15,140,140
2828,8,140,140
2829,15,140,140
2830,8,140,140
2831,23,140,140
2832,33,140,140
2833,57,140,140
2834,7,140,140
2835,10,140,140
2836,41,140,140
2837,59,140,140
2838,32,140,140
2839,27,140,140
2840,11,140,140
2841,34,140,140
2842,8,140,140
2843,16,140,140
2844,11,140,140
2845,5,140,140
2846,18,140,140
2847,15,140,140
2848,16,140,140
2849,56,140,140
2850,29,140,140
2851,53,140,140
2852,53,140,140
2853,8,140,140
2854,60,140,140
2855,7,140,140
2856,9,140,140
2857,8,140,140
2858,5,140,140
2859,92,140,140
2860,10,140,140
2861,12,140,140
2862,35,140,140
2863,9,140,140
2864,36,140,140
2865,47,140,140
2866,13,140,140
2867,58,140,140
2868,25,140,140
2869,9,140,140
2870,41,140,140
2871,23,140,140
2872,7,140,140
2873,13,140,140
2874,29,140,140
2875,14,140,140
2876,22,140,140
2877,14,140,140
2878,6,140,140
2879,13,140,140
2880,11,140,140
2881,9,140,140
2882,26,140,140
2883,14,140,140
2884,27,140,140
2885,33,140,140
2886,45,140,140
2887,11,140,140
2888,16,140,140
2889,21,140,140
2890,8,140,140
2891,6,140,140
2892,2,140,140
2893,23,140,140
2894,27,140,140
2895,48,140,140
2896,9,140,140
2897,37,140,140
2898,47,140,140
2899,15,140,140
2900,28,140,140
2901,2,140,140
2902,90,140,140
2903,16,140,140
2904,35,140,140
2905,36,140,140
2906,43,140,140
2907,14,140,140
2908,22,140,140
2909,25,140,140
2910,32,140,140
2911,12,140,140
2912,9,140,140
2913,33,140,140
2914,23,140,140
2915,7,140,140
2916,14,140,140
2917,18,140,140
2918,4,140,140
2919,22,140,140
2920,7,140,140
2921,35,140,140
2922,26,140,140
2923,12,140,140
2924,5,140,140
2925,15,140,140
2926,5,140,140
2927,49,140,140
2928,22,140,140
2929,28,140,140
2930,27,140,140
2931,10,140,140
2932,42,140,140
2933,31,140,140
2934,41,140,140
2935,16,140,140
2936,9,140,140
2937,18,140,140
2938,10,140,140
2939,19,140,140
2940,20,140,140
2941,6,140,140
2942,15,140,140
2943,24,140,140
2944,11,140,140
2945,24,140,140
2946,10,140,140
2947,9,140,140
2948,36,140,140
2949,42,140,140
2950,11,140,140
2951,109,140,140
2952,20,140,140
2953,18,140,140
2954,14,140,140
2955,14,140,140
2956,7,140,140
2957,32,140,140
2958,101,140,140
2959,9,140,140
2960,12,140,140
2961,30,140,140
2962,43,140,140
2963,2,140,140
2964,10,140,140
2965,16,140,140
2966,6,140,140
2967,12,140,140
2968,22,140,140
2969,20,140,140
2970,12,140,140
2971,27,140,140
2972,16,140,140
2973,25,140,140
2974,28,140,140
2975,43,140,140
2976,5,140,140
2977,22,140,140
2978,28,140,140
2979,28,140,140
2980,17,140,140
2981,8,140,140
2982,10,140,140
2983,4,140,140
2984,27,140,140
2985,35,140,140
2986,10,140,140
2987,27,140,140
2988,6,140,140
2989,7,140,140
2990,37,140,140
2991,12,140,140
2992,16,140,140
2993,31,140,140
2994,8,140,140
2995,6,140,140
2996,16,140,140
2997,11,140,140
2998,23,140,140
2999,18,140,140
3000,8,140,140
3001,119,140,280
3002,47,140,280
3003,29,140,280
3004,38,140,280
3005,117,140,280
3006,67,140,280
3007,36,140,280
3008,9,140,280
3009,4,140,280
3010,7,140,280
3011,63,140,280
3012,26,140,280
3013,94,140,280
3014,13,140,280
3015,47,140,280
3016,6,140,280
3017,12,140,280
3018,92,140,280
3019,67,140,280
3020,79,140,280
3021,43,140,280
3022,118,140,280
3023,74,140,280
3024,34,140,280
3025,19,140,280
3026,6,140,280
3027,16,140,280
3028,74,140,280
3029,41,140,280
3030,34,140,280
3031,50,140,280
3032,81,140,280
3033,31,140,280
3034,101,140,280
3035,17,140,280
3036,29,140,280
3037,83,140,280
3038,8,140,280
3039,29,140,280
3040,15,140,280
3041,230,140,280
3042,13,140,280
3043,6,140,280
3044,23,140,280
3045,53,140,280
3046,14,140,280
3047,36,140,280
3048,4,140,280
3049,26,140,280
3050,18,140,280
3051,112,140,280
3052,88,140,280
3053,140,140,280
3054,10,140,280
3055,5,140,280
3056,45,140,280
3057,13,140,280
3058,4,140,280
3059,8,140,280
3060,11,140,280
3061,65,140,280
3062,74,140,280
3063,55,140,280
3064,90,140,280
3065,86,140,280
3066,30,140,280
3067,64,140,280
3068,118,140,280
3069,27,140,280
3070,273,140,280
3071,65,140,280
3072,21,140,280
3073,23,140,280
3074,12,140,280
3075,26,140,280
3076,20,140,280
3077,133,140,280
3078,28,140,280
3079,23,140,280
3080,31,140,280
3081,18,140,280
3082,16,140,280
3083,21,140,280
3084,90,140,280
3085,6,140,280
3086,70,140,280
3087,18,140,280
3088,37,140,280
3089,33,140,280
3090,11,140,280
3091,11,140,280
3092,105,140,280
3093,19,140,280
3094,20,140,280
3095,10,140,280
3096,31,140,280
3097,18,140,280
3098,21,140,280
3099,51,140,280
3100,42,140,280
3101,61,140,280
3102,32,140,280
3103,39,140,280
3104,100,140,280
3105,32,140,280
3106,3,140,280
3107,59,140,280
3108,26,140,280
3109,5,140,280
3110,88,140,280
3111,36,140,280
3112,90,140,280
3113,30,140,280
3114,49,140,280
3115,66,140,280
3116,22,140,280
3117,5,140,280
3118,78,140,280
3119,19,140,280
3120,101,140,280
3121,19,140,280
3122,55,140,280
3123,64,140,280
3124,229,140,280
3125,89,140,280
3126,3,140,280
3127,91,140,280
3128,7,140,280
3129,180,140,280
3130,17,140,280
3131,85,140,280
3132,45,140,280
3133,42,140,280
3134,3,140,280
3135,49,140,280
3136,28,140,280
3137,53,140,280
3138,150,140,280
3139,61,140,280
3140,2,140,280
3141,41,140,280
3142,12,140,280
3143,38,140,280
3144,6,140,280
3145,13,140,280
3146,25,140,280
3147,15,140,280
3148,13,140,280
3149,28,140,280
3150,35,140,280
3151,87,140,280
3152,26,140,280
3153,71,140,280
3154,12,140,280
3155,9,140,280
3156,5,140,280
3157,34,140,280
3158,61,140,280
3159,51,140,280
3160,19,140,280
3161,15,140,280
3162,92,140,280
3163,22,140,280
3164,60,140,280
3165,75,140,280
3166,113,140,280
3167,12,140,280
3168,5,140,280
3169,46,140,280
3170,7,140,280
3171,14,140,280
3172,34,140,280
3173,58,140,280
3174,23,140,280
3175,163,140,280
3176,13,140,280
3177,44,140,280
3178,10,140,280
3179,119,140,280
3180,109,140,280
3181,54,140,280
3182,10,140,280
3183,127,140,280
3184,65,140,280
3185,116,140,280
3186,30,140,280
3187,44,140,280
3188,52,140,280
3189,30,140,280
3190,10,140,280
3191,29,140,280
3192,28,140,280
3193,20,140,280
3194,22,140,280
3195,14,140,280
3196,83,140,280
3197,31,140,280
3198,37,140,280
3199,47,140,280
3200,31,140,280
3201,291,140,9800
3202,36,140,9800
3203,76,140,9800
3204,18,140,9800
3205,278,140,9800
3206,19,140,9800
3207,25,140,9800
3208,315,140,9800
3209,56,140,9800
3210,172,140,9800
3211,165,140,9800
3212,8,140,9800
3213,198,140,9800
3214,198,140,9800
3215,260,140,9800
3216,64,140,9800
3217,53,140,9800
3218,204,140,9800
3219,94,140,9800
3220,95,140,9800
3221,384,140,9800
3222,314,140,9800
3223,282,140,9800
3224,144,140,9800
3225,212,140,9800
3226,132,140,9800
3227,172,140,9800
3228,61,140,9800
3229,241,140,9800
3230,285,140,9800
3231,165,140,9800
3232,152,140,9800
3233,24,140,9800
3234,236,140,9800
3235,93,140,9800
3236,39,140,9800
3237,50,140,9800
3238,135,140,9800
3239,43,140,9800
3240,12,140,9800
3241,190,140,9800
3242,116,140,9800
3243,23,140,9800
3244,135,140,9800
3245,68,140,9800
3246,6,140,9800
3247,27,140,9800
3248,227,140,9800
3249,31,140,9800
3250,256,140,9800
3251,21,140,9800
3252,101,140,9800
3253,185,140,9800
3254,133,140,9800
3255,260,140,9800
3256,37,140,9800
3257,230,140,9800
3258,187,140,9800
3259,72,140,9800
3260,297,140,9800
3261,153,140,9800
3262,76,140,9800
3263,54,140,9800
3264,102,140,9800
3265,224,140,9800
3266,212,140,9800
3267,154,140,9800
3268,157,140,9800
3269,224,140,9800
3270,198,140,9800
3271,479,140,9800
3272,41,140,9800
3273,93,140,9800
3274,97,140,9800
3275,150,140,9800
3276,25,140,9800
3277,73,140,9800
3278,36,140,9800
3279,313,140,9800
3280,158,140,9800
3281,32,140,9800
3282,157,140,9800
3283,61,140,9800
3284,105,140,9800
3285,70,140,9800
3286,34,140,9800
3287,155,140,9800
3288,128,140,9800
3289,89,140,9800
3290,76,140,9800
3291,168,140,9800
3292,111,140,9800
3293,308,140,9800
3294,321,140,9800
3295,344,140,9800
3296,208,140,9800
3297,45,140,9800
3298,214,140,9800
3299,95,140,9800
3300,129,140,9800
3301,95,140,9800
3302,342,140,9800
3303,32,140,9800
3304,50,140,9800
3305,84,140,9800
3306,107,140,9800
3307,170,140,9800
3308,90,140,9800
3309,155,140,9800
3310,35,140,9800
3311,24,140,9800
3312,159,140,9800
3313,103,140,9800
3314,16,140,9800
3315,187,140,9800
3316,20,140,9800
3317,367,140,9800
3318,416,140,9800
3319,17,140,9800
3320,299,140,9800
3321,40,140,9800
3322,96,140,9800
3323,170,140,9800
3324,70,140,9800
3325,198,140,9800
3326,11,140,9800
3327,414,140,9800
3328,137,140,9800
3329,74,140,9800
3330,70,140,9800
3331,143,140,9800
3332,60,140,9800
3333,23,140,9800
3334,77,140,9800
3335,95,140,9800
3336,58,140,9800
3337,299,140,9800
3338,197,140,9800
3339,334,140,9800
3340,157,140,9800
3341,17,140,9800
3342,236,140,9800
3343,48,140,9800
3344,27,140,9800
3345,281,140,9800
3346,35,140,9800
3347,27,140,9800
3348,100,140,9800
3349,70,140,9800
3350,158,140,9800
3351,29,140,9800
3352,102,140,9800
3353,31,140,9800
3354,287,140,9800
3355,72,140,9800
3356,11,140,9800
3357,252,140,9800
3358,77,140,9800
3359,55,140,9800
3360,165,140,9800
3361,99,140,9800
3362,68,140,9800
3363,60,140,9800
3364,122,140,9800
3365,172,140,9800
3366,242,140,9800
3367,32,140,9800
3368,39,140,9800
3369,151,140,9800
3370,355,140,9800
3371,53,140,9800
3372,404,140,9800
3373,307,140,9800
3374,80,140,9800
3375,306,140,9800
3376,182,140,9800
3377,140,140,9800
3378,423,140,9800
3379,144,140,9800
3380,45,140,9800
3381,32,140,9800
3382,105,140,9800
3383,199,140,9800
3384,131,140,9800
3385,172,140,9800
3386,45,140,9800
3387,18,140,9800
3388,139,140,9800
3389,267,140,9800
3390,133,140,9800
3391,107,140,9800
3392,417,140,9800
3393,43,140,9800
3394,110,140,9800
3395,88,140,9800
3396,114,140,9800
3397,75,140,9800
3398,40,140,9800
3399,115,140,9800
3400,431,140,9800
3401,17,140,19460
3402,285,140,19460
3403,136,140,19460
3404,21,140,19460
3405,24,140,19460
3406,165,140,19460
3407,238,140,19460
3408,182,140,19460
3409,221,140,19460
3410,54,140,19460
3411,138,140,19460
3412,46,140,19460
3413,296,140,19460
3414,101,140,19460
3415,98,140,19460
3416,114,140,19460
3417,11,140,19460
3418,64,140,19460
3419,132,140,19460
3420,28,140,19460
3421,66,140,19460
3422,88,140,19460
3423,320,140,19460
3424,127,140,19460
3425,11,140,19460
3426,13,140,19460
3427,57,140,19460
3428,247,140,19460
3429,52,140,19460
3430,209,140,19460
3431,142,140,19460
3432,45,140,19460
3433,153,140,19460
3434,309,140,19460
3435,121,140,19460
3436,150,140,19460
3437,96,140,19460
3438,45,140,19460
3439,58,140,19460
3440,663,140,19460
3441,18,140,19460
3442,204,140,19460
3443,315,140,19460
3444,177,140,19460
3445,57,140,19460
3446,425,140,19460
3447,397,140,19460
3448,215,140,19460
3449,32,140,19460
3450,139,140,19460
3451,325,140,19460
3452,59,140,19460
3453,52,140,19460
3454,162,140,19460
3455,273,140,19460
3456,62,140,19460
3457,377,140,19460
3458,96,140,19460
3459,249,140,19460
3460,18,140,19460
3461,234,140,19460
3462,14,140,19460
3463,253,140,19460
3464,27,140,19460
3465,203,140,19460
3466,73,140,19460
3467,87,140,19460
3468,186,140,19460
3469,54,140,19460
3470,141,140,19460
3471,324,140,19460
3472,133,140,19460
3473,107,140,19460
3474,130,140,19460
3475,98,140,19460
3476,481,140,19460
3477,246,140,19460
3478,361,140,19460
3479,808,140,19460
3480,183,140,19460
3481,42,140,19460
3482,60,140,19460
3483,20,140,19460
3484,32,140,19460
3485,26,140,19460
3486,124,140,19460
3487,10,140,19460
3488,86,140,19460
3489,39,140,19460
3490,85,140,19460
3491,161,140,19460
3492,171,140,19460
3493,60,140,19460
3494,162,140,19460
3495,58,140,19460
3496,114,140,19460
3497,246,140,19460
3498,237,140,19460
3499,69,140,19460
3500,309,140,19460
3501,231,140,19460
3502,234,140,19460
3503,107,140,19460
3504,21,140,19460
3505,169,140,19460
3506,70,140,19460
3507,70,140,19460
3508,29,140,19460
3509,67,140,19460
3510,29,140,19460
3511,29,140,19460
3512,251,140,19460
3513,46,140,19460
3514,13,140,19460
3515,73,140,19460
3516,358,140,19460
3517,280,140,19460
3518,332,140,19460
3519,33,140,19460
3520,10,140,19460
3521,89,140,19460
3522,143,140,19460
3523,71,140,19460
3524,37,140,19460
3525,182,140,19460
3526,81,140,19460
3527,141,140,19460
3528,318,140,19460
3529,14,140,19460
3530,75,140,19460
3531,177,140,19460
3532,82,140,19460
3533,120,140,19460
3534,132,140,19460
3535,33,140,19460
3536,29,140,19460
3537,77,140,19460
3538,164,140,19460
3539,33,140,19460
3540,183,140,19460
3541,25,140,19460
3542,454,140,19460
3543,9,140,19460
3544,295,140,19460
3545,280,140,19460
3546,39,140,19460
3547,51,140,19460
3548,18,140,19460
3549,13,140,19460
3550,29,140,19460
3551,127,140,19460
3552,86,140,19460
3553,145,140,19460
3554,7,140,19460
3555,104,140,19460
3556,111,140,19460
3557,177,140,19460
3558,187,140,19460
3559,79,140,19460
3560,327,140,19460
3561,115,140,19460
3562,238,140,19460
3563,20,140,19460
3564,41,140,19460
3565,51,140,19460
3566,505,140,19460
3567,88,140,19460
3568,118,140,19460
3569,92,140,19460
3570,198,140,19460
3571,46,140,19460
3572,143,140,19460
3573,11,140,19460
3574,175,140,19460
3575,41,140,19460
3576,158,140,19460
3577,20,140,19460
3578,30,140,19460
3579,480,140,19460
3580,128,140,19460
3581,60,140,19460
3582,53,140,19460
3583,257,140,19460
3584,34,140,19460
3585,15,140,19460
3586,41,140,19460
3587,68,140,19460
3588,382,140,19460
3589,21,140,19460
3590,258,140,19460
3591,119,140,19460
3592,78,140,19460
3593,171,140,19460
3594,151,140,19460
3595,29,140,19460
3596,89,140,19460
3597,33,140,19460
3598,7,140,19460
3599,101,140,19460
3600,65,140,19460
3601,13,190,19
3602,13,190,19
3603,30,190,19
3604,74,190,19
3605,11,190,19
3606,24,190,19
3607,12,190,19
3608,65,190,19
3609,35,190,19
3610,14,190,19
3611,10,190,19
3612,20,190,19
3613,9,190,19
3614,16,190,19
3615,37,190,19
3616,21,190,19
3617,25,190,19
3618,7,190,19
3619,16,190,19
3620,10,190,19
3621,37,190,19
3622,11,190,19
3623,23,190,19
3624,9,190,19
3625,16,190,19
3626,12,190,19
3627,10,190,19
3628,30,190,19
3629,11,190,19
3630,63,190,19
3631,10,190,19
3632,10,190,19
3633,30,190,19
3634,28,190,19
3635,7,190,19
3636,11,190,19
3637,9,190,19
3638,39,190,19
3639,8,190,19
3640,10,190,19
3641,17,190,19
3642,8,190,19
3643,36,190,19
3644,11,190,19
3645,15,190,19
3646,20,190,19
3647,4,190,19
3648,18,190,19
3649,15,190,19
3650,5,190,19
3651,14,190,19
3652,5,190,19
3653,10,190,19
3654,20,190,19
3655,13,190,19
3656,8,190,19
3657,9,190,19
3658,13,190,19
3659,14,190,19
3660,4,190,19
3661,16,190,19
3662,14,190,19
3663,17,190,19
3664,12,190,19
3665,8,190,19
3666,15,190,19
3667,14,190,19
3668,8,190,19
3669,14,190,19
3670,22,190,19
3671,45,190,19
3672,20,190,19
3673,19,190,19
3674,6,190,19
3675,18,190,19
3676,7,190,19
3677,14,190,19
3678,28,190,19
3679,7,190,19
3680,23,190,19
3681,10,190,19
3682,62,190,19
3683,6,190,19
3684,10,190,19
3685,3,190,19
3686,7,190,19
3687,16,190,19
3688,15,190,19
3689,5,190,19
3690,21,190,19
3691,15,190,19
3692,19,190,19
3693,28,190,19
3694,2,190,19
3695,21,190,19
3696,24,190,19
3697,5,190,19
3698,22,190,19
3699,17,190,19
3700,17,190,19
3701,9,190,19
3702,14,190,19
3703,49,190,19
3704,10,190,19
3705,26,190,19
3706,2,190,19
3707,15,190,19
3708,6,190,19
3709,13,190,19
3710,7,190,19
3711,5,190,19
3712,9,190,19
3713,7,190,19
3714,18,190,19
3715,31,190,19
3716,41,190,19
3717,25,190,19
3718,4,190,19
3719,8,190,19
3720,8,190,19
3721,5,190,19
3722,12,190,19
3723,12,190,19
3724,16,190,19
3725,30,190,19
3726,31,190,19
3727,8,190,19
3728,16,190,19
3729,8,190,19
3730,51,190,19
3731,20,190,19
3732,21,190,19
3733,9,190,19
3734,18,190,19
3735,15,190,19
3736,15,190,19
3737,14,190,19
3738,19,190,19
3739,4,190,19
3740,32,190,19
3741,9,190,19
3742,26,190,19
3743,15,190,19
3744,10,190,19
3745,25,190,19
3746,4,190,19
3747,9,190,19
3748,10,190,19
3749,34,190,19
3750,8,190,19
3751,10,190,19
3752,24,190,19
3753,17,190,19
3754,8,190,19
3755,5,190,19
3756,13,190,19
3757,19,190,19
3758,14,190,19
3759,10,190,19
3760,5,190,19
3761,11,190,19
3762,16,190,19
3763,17,190,19
3764,41,190,19
3765,14,190,19
3766,11,190,19
3767,21,190,19
3768,14,190,19
3769,7,190,19
3770,15,190,19
3771,12,190,19
3772,20,190,19
3773,16,190,19
3774,13,190,19
3775,16,190,19
3776,10,190,19
3777,15,190,19
3778,7,190,19
3779,17,190,19
3780,7,190,19
3781,15,190,19
3782,4,190,19
3783,12,190,19
3784,18,190,19
3785,14,190,19
3786,57,190,19
3787,12,190,19
3788,9,190,19
3789,16,190,19
3790,12,190,19
3791,3,190,19
3792,13,190,19
3793,10,190,19
3794,2,190,19
3795,14,190,19
3796,11,190,19
3797,14,190,19
3798,8,190,19
3799,40,190,19
3800,27,190,19
3801,13,190,95
3802,4,190,95
3803,20,190,95
3804,6,190,95
3805,18,190,95
3806,14,190,95
3807,19,190,95
3808,5,190,95
3809,17,190,95
3810,4,190,95
3811,60,190,95
3812,14,190,95
3813,14,190,95
3814,9,190,95
3815,11,190,95
3816,21,190,95
3817,11,190,95
3818,24,190,95
3819,11,190,95
3820,72,190,95
3821,9,190,95
3822,70,190,95
3823,14,190,95
3824,6,190,95
3825,12,190,95
3826,9,190,95
3827,44,190,95
3828,6,190,95
3829,9,190,95
3830,28,190,95
3831,26,190,95
3832,14,190,95
3833,17,190,95
3834,7,190,95
3835,18,190,95
3836,79,190,95
3837,53,190,95
3838,28,190,95
3839,9,190,95
3840,16,190,95
3841,49,190,95
3842,50,190,95
3843,61,190,95
3844,11,190,95
3845,19,190,95
3846,23,190,95
3847,6,190,95
3848,16,190,95
3849,47,190,95
3850,20,190,95
3851,25,190,95
3852,10,190,95
3853,29,190,95
3854,54,190,95
3855,7,190,95
3856,24,190,95
3857,22,190,95
3858,7,190,95
3859,12,190,95
3860,9,190,95
3861,8,190,95
3862,22,190,95
3863,20,190,95
3864,15,190,95
3865,11,190,95
3866,30,190,95
3867,29,190,95
3868,13,190,95
3869,28,190,95
3870,5,190,95
3871,27,190,95
3872,58,190,95
3873,22,190,95
3874,8,190,95
3875,8,190,95
3876,52,190,95
3877,41,190,95
3878,15,190,95
3879,37,190,95
3880,26,190,95
3881,11,190,95
3882,26,190,95
3883,14,190,95
3884,7,190,95
3885,16,190,95
3886,18,190,95
3887,19,190,95
3888,24,190,95
3889,15,190,95
3890,29,190,95
3891,22,190,95
3892,16,190,95
3893,28,190,95
3894,29,190,95
3895,19,190,95
3896,80,190,95
3897,14,190,95
3898,66,190,95
3899,22,190,95
3900,11,190,95
3901,46,190,95
3902,7,190,95
3903,23,190,95
3904,11,190,95
3905,8,190,95
3906,15,190,95
3907,20,190,95
3908,15,190,95
3909,4,190,95
3910,23,190,95
3911,32,190,95
3912,51,190,95
3913,70,190,95
3914,8,190,95
3915,4,190,95
3916,16,190,95
3917,22,190,95
3918,17,190,95
3919,6,190,95
3920,49,190,95
3921,29,190,95
3922,70,190,95
3923,12,190,95
3924,13,190,95
3925,6,190,95
3926,6,190,95
3927,33,190,95
3928,30,190,95
3929,12,190,95
3930,40,190,95
3931,6,190,95
3932,27,190,95
3933,16,190,95
3934,12,190,95
3935,45,190,95
3936,26,190,95
3937,40,190,95
3938,95,190,95
3939,68,190,95
3940,57,190,95
3941,21,190,95
3942,50,190,95
3943,16,190,95
3944,25,190,95
3945,15,190,95
3946,9,190,95
3947,39,190,95
3948,29,190,95
3949,5,190,95
3950,7,190,95
3951,38,190,95
3952,52,190,95
3953,21,190,95
3954,43,190,95
3955,29,190,95
3956,27,190,95
3957,22,190,95
3958,4,190,95
3959,8,190,95
3960,7,190,95
3961,23,190,95
3962,19,190,95
3963,11,190,95
3964,28,190,95
3965,3,190,95
3966,8,190,95
3967,21,190,95
3968,69,190,95
3969,9,190,95
3970,14,190,95
3971,21,190,95
3972,9,190,95
3973,10,190,95
3974,14,190,95
3975,23,190,95
3976,19,190,95
3977,14,190,95
3978,9,190,95
3979,18,190,95
3980,11,190,95
3981,16,190,95
3982,37,190,95
3983,27,190,95
3984,32,190,95
3985,4,190,95
3986,21,190,95
3987,16,190,95
3988,8,190,95
3989,33,190,95
3990,28,190,95
3991,52,190,95
3992,12,190,95
3993,4,190,95
3994,19,190,95
3995,19,190,95
3996,25,190,95
3997,17,190,95
3998,27,190,95
3999,18,190,95
4000,7,190,95
4001,12,190,190
4002,46,190,190
4003,9,190,190
4004,27,190,190
4005,21,190,190
4006,6,190,190
4007,47,190,190
4008,93,190,190
4009,12,190,190
4010,2,190,190
4011,41,190,190
4012,22,190,190
4013,47,190,190
4014,11,190,190
4015,8,190,190
4016,78,190,190
4017,33,190,190
4018,34,190,190
4019,9,190,190
4020,43,190,190
4021,11,190,190
4022,34,190,190
4023,19,190,190
4024,76,190,190
4025,9,190,190
4026,21,190,190
4027,45,190,190
4028,8,190,190
4029,11,190,190
4030,6,190,190
4031,21,190,190
4032,11,190,190
4033,13,190,190
4034,18,190,190
4035,20,190,190
4036,17,190,190
4037,4,190,190
4038,93,190,190
4039,19,190,190
4040,37,190,190
4041,45,190,190
4042,2,190,190
4043,24,190,190
4044,22,190,190
4045,14,190,190
4046,3,190,190
4047,55,190,190
4048,16,190,190
4049,12,190,190
4050,9,190,190
4051,21,190,190
4052,19,190,190
4053,32,190,190
4054,83,190,190
4055,51,190,190
4056,10,190,190
4057,31,190,190
4058,7,190,190
4059,20,190,190
4060,5,190,190
4061,67,190,190
4062,13,190,190
4063,27,190,190
4064,9,190,190
4065,18,190,190
4066,10,190,190
4067,41,190,190
4068,32,190,190
4069,15,190,190
4070,25,190,190
4071,61,190,190
4072,16,190,190
4073,25,190,190
4074,8,190,190
4075,4,190,190
4076,61,190,190
4077,2,190,190
4078,43,190,190
4079,12,190,190
4080,14,190,190
4081,17,190,190
4082,10,190,190
4083,20,190,190
4084,26,190,190
4085,33,190,190
4086,11,190,190
4087,29,190,190
4088,26,190,190
4089,18,190,190
4090,5,190,190
4091,20,190,190
4092,11,190,190
4093,30,190,190
4094,23,190,190
4095,71,190,190
4096,64,190,190
4097,10,190,190
4098,10,190,190
4099,18,190,190
4100,10,190,190
4101,18,190,190
4102,6,190,190
4103,13,190,190
4104,45,190,190
4105,20,190,190
4106,21,190,190
4107,17,190,190
4108,39,190,190
4109,28,190,190
4110,11,190,190
4111,2,190,190
4112,10,190,190
4113,10,190,190
4114,25,190,190
4115,24,190,190
4116,9,190,190
4117,8,190,190
4118,3,190,190
4119,21,190,190
4120,19,190,190
4121,25,190,190
4122,8,190,190
4123,49,190,190
4124,13,190,190
4125,25,190,190
4126,32,190,190
4127,45,190,190
4128,11,190,190
4129,2,190,190
4130,41,190,190
4131,43,190,190
4132,61,190,190
4133,7,190,190
4134,11,190,190
4135,26,190,190
4136,31,190,190
4137,18,190,190
4138,18,190,190
4139,11,190,190
4140,35,190,190
4141,43,190,190
4142,22,190,190
4143,22,190,190
4144,22,190,190
4145,8,190,190
4146,71,190,190
4147,21,190,190
4148,46,190,190
4149,7,190,190
4150,135,190,190
4151,31,190,190
4152,10,190,190
4153,65,190,190
4154,12,190,190
4155,12,190,190
4156,14,190,190
4157,33,190,190
4158,43,190,190
4159,6,190,190
4160,54,190,190
4161,14,190,190
4162,41,190,190
4163,15,190,190
4164,80,190,190
4165,29,190,190
4166,8,190,190
4167,27,190,190
4168,34,190,190
4169,17,190,190
4170,6,190,190
4171,22,190,190
4172,6,190,190
4173,46,190,190
4174,18,190,190
4175,20,190,190
4176,53,190,190
4177,14,190,190
4178,68,190,190
4179,10,190,190
4180,33,190,190
4181,15,190,190
4182,33,190,190
4183,9,190,190
4184,13,190,190
4185,14,190,190
4186,16,190,190
4187,18,190,190
4188,60,190,190
4189,17,190,190
4190,8,190,190
4191,10,190,190
4192,19,190,190
4193,58,190,190
4194,20,190,190
4195,8,190,190
4196,25,190,190
4197,8,190,190
4198,57,190,190
4199,15,190,190
4200,3,190,190
4201,61,190,380
4202,162,190,380
4203,95,190,380
4204,113,190,380
4205,12,190,380
4206,14,190,380
4207,28,190,380
4208,50,190,380
4209,97,190,380
4210,8,190,380
4211,41,190,380
4212,31,190,380
4213,38,190,380
4214,27,190,380
4215,19,190,380
4216,47,190,380
4217,43,190,380
4218,7,190,380
4219,57,190,380
4220,7,190,380
4221,97,190,380
4222,9,190,380
4223,84,190,380
4224,35,190,380
4225,2,190,380
4226,82,190,380
4227,87,190,380
4228,61,190,380
4229,41,190,380
4230,81,190,380
4231,105,190,380
4232,17,190,380
4233,17,190,380
4234,44,190,380
4235,22,190,380
4236,15,190,380
4237,37,190,380
4238,41,190,380
4239,14,190,380
4240,6,190,380
4241,75,190,380
4242,3,190,380
4243,20,190,380
4244,6,190,380
4245,6,190,380
4246,11,190,380
4247,25,190,380
4248,32,190,380
4249,7,190,380
4250,10,190,380
4251,23,190,380
4252,13,190,380
4253,6,190,380
4254,16,190,380
4255,18,190,380
4256,13,190,380
4257,53,190,380
4258,11,190,380
4259,9,190,380
4260,131,190,380
4261,67,190,380
4262,9,190,380
4263,9,190,380
4264,37,190,380
4265,22,190,380
4266,3,190,380
4267,5,190,380
4268,15,190,380
4269,39,190,380
4270,48,190,380
4271,12,190,380
4272,30,190,380
4273,21,190,380
4274,36,190,380
4275,6,190,380
4276,21,190,380
4277,313,190,380
4278,29,190,380
4279,13,190,380
4280,16,190,380
4281,46,190,380
4282,8,190,380
4283,42,190,380
4284,160,190,380
4285,35,190,380
4286,45,190,380
4287,19,190,380
4288,29,190,380
4289,90,190,380
4290,125,190,380
4291,20,190,380
4292,46,190,380
4293,48,190,380
4294,47,190,380
4295,151,190,380
4296,121,190,380
4297,62,190,380
4298,69,190,380
4299,80,190,380
4300,17,190,380
4301,27,190,380
4302,13,190,380
4303,110,190,380
4304,145,190,380
4305,140,190,380
4306,8,190,380
4307,16,190,380
4308,50,190,380
4309,4,190,380
4310,44,190,380
4311,63,190,380
4312,49,190,380
4313,50,190,380
4314,24,190,380
4315,46,190,380
4316,43,190,380
4317,71,190,380
4318,32,190,380
4319,18,190,380
4320,13,190,380
4321,151,190,380
4322,5,190,380
4323,19,190,380
4324,44,190,380
4325,33,190,380
4326,15,190,380
4327,12,190,380
4328,35,190,380
4329,6,190,380
4330,49,190,380
4331,132,190,380
4332,54,190,380
4333,46,190,380
4334,43,190,380
4335,24,190,380
4336,17,190,380
4337,135,190,380
4338,27,190,380
4339,5,190,380
4340,23,190,380
4341,28,190,380
4342,77,190,380
4343,28,190,380
4344,18,190,380
4345,47,190,380
4346,44,190,380
4347,32,190,380
4348,46,190,380
4349,27,190,380
4350,19,190,380
4351,12,190,380
4352,44,190,380
4353,31,190,380
4354,247,190,380
4355,22,190,380
4356,29,190,380
4357,25,190,380
4358,115,190,380
4359,19,190,380
4360,47,190,380
4361,27,190,380
4362,21,190,380
4363,38,190,380
4364,87,190,380
4365,37,190,380
4366,99,190,380
4367,28,190,380
4368,7,190,380
4369,66,190,380
4370,32,190,380
4371,5,190,380
4372,6,190,380
4373,12,190,380
4374,52,190,380
4375,21,190,380
4376,2,190,380
4377,34,190,380
4378,40,190,380
4379,6,190,380
4380,39,190,380
4381,6,190,380
4382,13,190,380
4383,52,190,380
4384,13,190,380
4385,20,190,380
4386,6,190,380
4387,4,190,380
4388,9,190,380
4389,9,190,380
4390,27,190,380
4391,37,190,380
4392,7,190,380
4393,22,190,380
4394,27,190,380
4395,32,190,380
4396,29,190,380
4397,109,190,380
4398,8,190,380
4399,172,190,380
4400,10,190,380
4401,32,190,18050
4402,16,190,18050
4403,62,190,18050
4404,50,190,18050
4405,57,190,18050
4406,99,190,18050
4407,60,190,18050
4408,195,190,18050
4409,427,190,18050
4410,107,190,18050
4411,226,190,18050
4412,74,190,18050
4413,97,190,18050
4414,286,190,18050
4415,66,190,18050
4416,241,190,18050
4417,57,190,18050
4418,79,190,18050
4419,103,190,18050
4420,58,190,18050
4421,429,190,18050
4422,98,190,18050
4423,132,190,18050
4424,150,190,18050
4425,95,190,18050
4426,97,190,18050
4427,436,190,18050
4428,46,190,18050
4429,91,190,18050
4430,140,190,18050
4431,69,190,18050
4432,100,190,18050
4433,253,190,18050
4434,362,190,18050
4435,35,190,18050
4436,65,190,18050
4437,80,190,18050
4438,133,190,18050
4439,113,190,18050
4440,54,190,18050
4441,87,190,18050
4442,62,190,18050
4443,227,190,18050
4444,49,190,18050
4445,94,190,18050
4446,154,190,18050
4447,220,190,18050
4448,7,190,18050
4449,20,190,18050
4450,146,190,18050
4451,25,190,18050
4452,504,190,18050
4453,34,190,18050
4454,69,190,18050
4455,407,190,18050
4456,120,190,18050
4457,33,190,18050
4458,158,190,18050
4459,46,190,18050
4460,174,190,18050
4461,201,190,18050
4462,81,190,18050
4463,217,190,18050
4464,356,190,18050
4465,66,190,18050
4466,84,190,18050
4467,18,190,18050
4468,355,190,18050
4469,45,190,18050
4470,14,190,18050
4471,113,190,18050
4472,17,190,18050
4473,508,190,18050
4474,78,190,18050
4475,40,190,18050
4476,719,190,18050
4477,197,190,18050
4478,64,190,18050
4479,243,190,18050
4480,10,190,18050
4481,232,190,18050
4482,58,190,18050
4483,76,190,18050
4484,73,190,18050
4485,59,190,18050
4486,249,190,18050
4487,51,190,18050
4488,90,190,18050
4489,138,190,18050
4490,28,190,18050
4491,287,190,18050
4492,21,190,18050
4493,93,190,18050
4494,55,190,18050
4495,279,190,18050
4496,77,190,18050
4497,83,190,18050
4498,51,190,18050
4499,71,190,18050
4500,81,190,18050
4501,100,190,18050
4502,56,190,18050
4503,201,190,18050
4504,33,190,18050
4505,66,190,18050
4506,14,190,18050
4507,118,190,18050
4508,47,190,18050
4509,270,190,18050
4510,68,190,18050
4511,47,190,18050
4512,360,190,18050
4513,31,190,18050
4514,229,190,18050
4515,94,190,18050
4516,357,190,18050
4517,39,190,18050
4518,150,190,18050
4519,144,190,18050
4520,344,190,18050
4521,118,190,18050
4522,230,190,18050
4523,92,190,18050
4524,58,190,18050
4525,392,190,18050
4526,16,190,18050
4527,63,190,18050
4528,79,190,18050
4529,14,190,18050
4530,38,190,18050
4531,99,190,18050
4532,354,190,18050
4533,40,190,18050
4534,322,190,18050
4535,201,190,18050
4536,172,190,18050
4537,314,190,18050
4538,30,190,18050
4539,46,190,18050
4540,52,190,18050
4541,127,190,18050
4542,116,190,18050
4543,290,190,18050
4544,380,190,18050
4545,144,190,18050
4546,80,190,18050
4547,251,190,18050
4548,130,190,18050
4549,49,190,18050
4550,149,190,18050
4551,213,190,18050
4552,125,190,18050
4553,139,190,18050
4554,140,190,18050
4555,18,190,18050
4556,150,190,18050
4557,98,190,18050
4558,189,190,18050
4559,150,190,18050
4560,118,190,18050
4561,84,190,18050
4562,46,190,18050
4563,178,190,18050
4564,40,190,18050
4565,148,190,18050
4566,44,190,18050
4567,114,190,18050
4568,95,190,18050
4569,147,190,18050
4570,62,190,18050
4571,165,190,18050
4572,152,190,18050
4573,247,190,18050
4574,94,190,18050
4575,16,190,18050
4576,168,190,18050
4577,105,190,18050
4578,174,190,18050
4579,255,190,18050
4580,208,190,18050
4581,238,190,18050
4582,250,190,18050
4583,56,190,18050
4584,55,190,18050
4585,109,190,18050
4586,151,190,18050
4587,39,190,18050
4588,62,190,18050
4589,112,190,18050
4590,99,190,18050
4591,85,190,18050
4592,45,190,18050
4593,105,190,18050
4594,102,190,18050
4595,37,190,18050
4596,413,190,18050
4597,288,190,18050
4598,24,190,18050
4599,347,190,18050
4600,74,190,18050
4601,31,190,35910
4602,376,190,35910
4603,107,190,35910
4604,197,190,35910
4605,35,190,35910
4606,31,190,35910
4607,463,190,35910
4608,167,190,35910
4609,51,190,35910
4610,157,190,35910
4611,352,190,35910
4612,196,190,35910
4613,74,190,35910
4614,16,190,35910
4615,136,190,35910
4616,297,190,35910
4617,47,190,35910
4618,82,190,35910
4619,132,190,35910
4620,151,190,35910
4621,69,190,35910
4622,124,190,35910
4623,149,190,35910
4624,122,190,35910
4625,496,190,35910
4626,36,190,35910
4627,115,190,35910
4628,203,190,35910
4629,152,190,35910
4630,196,190,35910
4631,229,190,35910
4632,71,190,35910
4633,44,190,35910
4634,109,190,35910
4635,180,190,35910
4636,207,190,35910
4637,34,190,35910
4638,150,190,35910
4639,260,190,35910
4640,14,190,35910
4641,56,190,35910
4642,89,190,35910
4643,186,190,35910
4644,80,190,35910
4645,25,190,35910
4646,287,190,35910
4647,116,190,35910
4648,42,190,35910
4649,102,190,35910
4650,197,190,35910
4651,351,190,35910
4652,36,190,35910
4653,120,190,35910
4654,57,190,35910
4655,37,190,35910
4656,367,190,35910
4657,85,190,35910
4658,14,190,35910
4659,36,190,35910
4660,119,190,35910
4661,23,190,35910
4662,129,190,35910
4663,12,190,35910
4664,87,190,35910
4665,479,190,35910
4666,13,190,35910
4667,202,190,35910
4668,210,190,35910
4669,79,190,35910
4670,185,190,35910
4671,68,190,35910
4672,198,190,35910
4673,42,190,35910
4674,22,190,35910
4675,222,190,35910
4676,379,190,35910
4677,9,190,35910
4678,23,190,35910
4679,12,190,35910
4680,57,190,35910
4681,100,190,35910
4682,196,190,35910
4683,748,190,35910
4684,142,190,35910
4685,632,190,35910
4686,109,190,35910
4687,272,190,35910
4688,17,190,35910
4689,66,190,35910
4690,216,190,35910
4691,129,190,35910
4692,136,190,35910
4693,280,190,35910
4694,64,190,35910
4695,24,190,35910
4696,90,190,35910
4697,267,190,35910
4698,131,190,35910
4699,95,190,35910
4700,9,190,35910
4701,41,190,35910
4702,173,190,35910
4703,145,190,35910
4704,491,190,35910
4705,262,190,35910
4706,122,190,35910
4707,86,190,35910
4708,84,190,35910
4709,300,190,35910
4710,75,190,35910
4711,87,190,35910
4712,8,190,35910
4713,320,190,35910
4714,506,190,35910
4715,222,190,35910
4716,121,190,35910
4717,46,190,35910
4718,54,190,35910
4719,82,190,35910
4720,224,190,35910
4721,21,190,35910
4722,512,190,35910
4723,76,190,35910
4724,130,190,35910
4725,304,190,35910
4726,301,190,35910
4727,14,190,35910
4728,28,190,35910
4729,212,190,35910
4730,42,190,35910
4731,89,190,35910
4732,90,190,35910
4733,133,190,35910
4734,64,190,35910
4735,54,190,35910
4736,123,190,35910
4737,23,190,35910
4738,37,190,35910
4739,101,190,35910
4740,27,190,35910
4741,65,190,35910
4742,88,190,35910
4743,672,190,35910
4744,105,190,35910
4745,136,190,35910
4746,40,190,35910
4747,73,190,35910
4748,78,190,35910
4749,201,190,35910
4750,55,190,35910
4751,223,190,35910
4752,63,190,35910
4753,49,190,35910
4754,46,190,35910
4755,133,190,35910
4756,119,190,35910
4757,159,190,35910
4758,118,190,35910
4759,98,190,35910
4760,45,190,35910
4761,164,190,35910
4762,169,190,35910
4763,14,190,35910
4764,144,190,35910
4765,56,190,35910
4766,248,190,35910
4767,300,190,35910
4768,141,190,35910
4769,64,190,35910
4770,240,190,35910
4771,59,190,35910
4772,423,190,35910
4773,9,190,35910
4774,81,190,35910
4775,248,190,35910
4776,139,190,35910
4777,179,190,35910
4778,212,190,35910
4779,20,190,35910
4780,98,190,35910
4781,51,190,35910
4782,29,190,35910
4783,78,190,35910
4784,259,190,35910
4785,78,190,35910
4786,39,190,35910
4787,78,190,35910
4788,59,190,35910
4789,10,190,35910
4790,81,190,35910
4791,320,190,35910
4792,43,190,35910
4793,232,190,35910
4794,106,190,35910
4795,96,190,35910
4796,140,190,35910
4797,239,190,35910
4798,63,190,35910
4799,124,190,35910
4800,71,190,35910
4801,14,250,25
4802,12,250,25
4803,19,250,25
4804,12,250,25
4805,9,250,25
4806,14,250,25
4807,28,250,25
4808,4,250,25
4809,6,250,25
4810,11,250,25
4811,8,250,25
4812,9,250,25
4813,16,250,25
4814,14,250,25
4815,16,250,25
4816,20,250,25
4817,9,250,25
4818,17,250,25
4819,25,250,25
4820,15,250,25
4821,13,250,25
4822,11,250,25
4823,14,250,25
4824,15,250,25
4825,14,250,25
4826,20,250,25
4827,15,250,25
4828,13,250,25
4829,50,250,25
4830,11,250,25
4831,26,250,25
4832,15,250,25
4833,16,250,25
4834,25,250,25
4835,13,250,25
4836,19,250,25
4837,5,250,25
4838,7,250,25
4839,15,250,25
4840,10,250,25
4841,15,250,25
4842,14,250,25
4843,15,250,25
4844,6,250,25
4845,18,250,25
4846,9,250,25
4847,20,250,25
4848,10,250,25
4849,13,250,25
4850,3,250,25
4851,31,250,25
4852,17,250,25
4853,26,250,25
4854,36,250,25
4855,28,250,25
4856,8,250,25
4857,21,250,25
4858,15,250,25
4859,11,250,25
4860,28,250,25
4861,16,250,25
4862,16,250,25
4863,24,250,25
4864,15,250,25
4865,18,250,25
4866,12,250,25
4867,12,250,25
4868,6,250,25
4869,10,250,25
4870,31,250,25
4871,18,250,25
4872,15,250,25
4873,11,250,25
4874,26,250,25
4875,24,250,25
4876,7,250,25
4877,4,250,25
4878,10,250,25
4879,9,250,25
4880,17,250,25
4881,19,250,25
4882,33,250,25
4883,9,250,25
4884,6,250,25
4885,6,250,25
4886,16,250,25
4887,4,250,25
4888,14,250,25
4889,4,250,25
4890,41,250,25
4891,7,250,25
4892,23,250,25
4893,8,250,25
4894,13,250,25
4895,17,250,25
4896,10,250,25
4897,15,250,25
4898,8,250,25
4899,9,250,25
4900,15,250,25
4901,9,250,25
4902,15,250,25
4903,40,250,25
4904,17,250,25
4905,26,250,25
4906,19,250,25
4907,25,250,25
4908,12,250,25
4909,29,250,25
4910,27,250,25
4911,10,250,25
4912,8,250,25
4913,25,250,25
4914,17,250,25
4915,21,250,25
4916,4,250,25
4917,17,250,25
4918,16,250,25
4919,17,250,25
4920,18,250,25
4921,13,250,25
4922,25,250,25
4923,15,250,25
4924,11,250,25
4925,18,250,25
4926,8,250,25
4927,19,250,25
4928,14,250,25
4929,3,250,25
4930,8,250,25
4931,9,250,25
4932,14,250,25
4933,5,250,25
4934,21,250,25
4935,5,250,25
4936,6,250,25
4937,12,250,25
4938,7,250,25
4939,18,250,25
4940,10,250,25
4941,19,250,25
4942,22,250,25
4943,16,250,25
4944,16,250,25
4945,3,250,25
4946,18,250,25
4947,26,250,25
4948,5,250,25
4949,18,250,25
4950,10,250,25
4951,4,250,25
4952,7,250,25
4953,46,250,25
4954,14,250,25
4955,2,250,25
4956,22,250,25
4957,21,250,25
4958,11,250,25
4959,11,250,25
4960,22,250,25
4961,9,250,25
4962,16,250,25
4963,27,250,25
4964,22,250,25
4965,10,250,25
4966,23,250,25
4967,11,250,25
4968,17,250,25
4969,10,250,25
4970,26,250,25
4971,11,250,25
4972,6,250,25
4973,19,250,25
4974,22,250,25
4975,12,250,25
4976,11,250,25
4977,6,250,25
4978,9,250,25
4979,16,250,25
4980,8,250,25
4981,5,250,25
4982,23,250,25
4983,11,250,25
4984,2,250,25
4985,16,250,25
4986,12,250,25
4987,15,250,25
4988,14,250,25
4989,5,250,25
4990,5,250,25
4991,4,250,25
4992,10,250,25
4993,10,250,25
4994,16,250,25
4995,41,250,25
4996,24,250,25
4997,18,250,25
4998,28,250,25
4999,37,250,25
5000,17,250,25
5001,17,250,125
5002,15,250,125
5003,20,250,125
5004,7,250,125
5005,24,250,125
5006,60,250,125
5007,37,250,125
5008,18,250,125
5009,28,250,125
5010,15,250,125
5011,9,250,125
5012,11,250,125
5013,50,250,125
5014,17,250,125
5015,52,250,125
5016,11,250,125
5017,20,250,125
5018,8,250,125
5019,7,250,125
5020,62,250,125
5021,9,250,125
5022,28,250,125
5023,22,250,125
5024,15,250,125
5025,19,250,125
5026,12,250,125
5027,10,250,125
5028,24,250,125
5029,35,250,125
5030,14,250,125
5031,4,250,125
5032,41,250,125
5033,17,250,125
5034,11,250,125
5035,12,250,125
5036,38,250,125
5037,28,250,125
5038,23,250,125
5039,17,250,125
5040,8,250,125
5041,6,250,125
5042,10,250,125
5043,5,250,125
5044,14,250,125
5045,16,250,125
5046,10,250,125
5047,42,250,125
5048,13,250,125
5049,25,250,125
5050,10,250,125
5051,52,250,125
5052,7,250,125
5053,15,250,125
5054,7,250,125
5055,17,250,125
5056,22,250,125
5057,24,250,125
5058,12,250,125
5059,17,250,125
5060,101,250,125
5061,14,250,125
5062,19,250,125
5063,88,250,125
5064,3,250,125
5065,6,250,125
5066,23,250,125
5067,13,250,125
5068,18,250,125
5069,18,250,125
5070,14,250,125
5071,8,250,125
5072,8,250,125
5073,24,250,125
5074,4,250,125
5075,10,250,125
5076,19,250,125
5077,14,250,125
5078,22,250,125
5079,16,250,125
5080,6,250,125
5081,7,250,125
5082,6,250,125
5083,15,250,125
5084,19,250,125
5085,27,250,125
5086,10,250,125
5087,59,250,125
5088,28,250,125
5089,48,250,125
5090,9,250,125
5091,50,250,125
5092,13,250,125
5093,30,250,125
5094,5,250,125
5095,77,250,125
5096,6,250,125
5097,81,250,125
5098,14,250,125
5099,107,250,125
5100,14,250,125
5101,5,250,125
5102,33,250,125
5103,25,250,125
5104,14,250,125
5105,16,250,125
5106,21,250,125
5107,15,250,125
5108,29,250,125
5109,37,250,125
5110,6,250,125
5111,61,250,125
5112,34,250,125
5113,3,250,125
5114,19,250,125
5115,10,250,125
5116,14,250,125
5117,57,250,125
5118,15,250,125
5119,6,250,125
5120,7,250,125
5121,10,250,125
5122,43,250,125
5123,35,250,125
5124,9,250,125
5125,52,250,125
5126,16,250,125
5127,16,250,125
5128,8,250,125
5129,53,250,125
5130,26,250,125
5131,8,250,125
5132,21,250,125
5133,5,250,125
5134,9,250,125
5135,10,250,125
5136,11,250,125
5137,10,250,125
5138,9,250,125
5139,13,250,125
5140,11,250,125
5141,2,250,125
5142,8,250,125
5143,19,250,125
5144,10,250,125
5145,36,250,125
5146,15,250,125
5147,17,250,125
5148,7,250,125
5149,44,250,125
5150,14,250,125
5151,16,250,125
5152,27,250,125
5153,5,250,125
5154,29,250,125
5155,14,250,125
5156,7,250,125
5157,22,250,125
5158,34,250,125
5159,16,250,125
5160,13,250,125
5161,11,250,125
5162,19,250,125
5163,6,250,125
5164,15,250,125
5165,18,250,125
5166,27,250,125
5167,18,250,125
5168,35,250,125
5169,11,250,125
5170,8,250,125
5171,11,250,125
5172,30,250,125
5173,9,250,125
5174,29,250,125
5175,58,250,125
5176,82,250,125
5177,8,250,125
5178,14,250,125
5179,13,250,125
5180,6,250,125
5181,40,250,125
5182,22,250,125
5183,96,250,125
5184,30,250,125
5185,15,250,125
5186,10,250,125
5187,30,250,125
5188,27,250,125
5189,32,250,125
5190,13,250,125
5191,40,250,125
5192,13,250,125
5193,8,250,125
5194,12,250,125
5195,13,250,125
5196,9,250,125
5197,3,250,125
5198,29,250,125
5199,11,250,125
5200,7,250,125
5201,10,250,250
5202,28,250,250
5203,3,250,250
5204,65,250,250
5205,14,250,250
5206,9,250,250
5207,37,250,250
5208,26,250,250
5209,5,250,250
5210,18,250,250
5211,8,250,250
5212,14,250,250
5213,10,250,250
5214,44,250,250
5215,11,250,250
5216,11,250,250
5217,17,250,250
5218,38,250,250
5219,39,250,250
5220,83,250,250
5221,22,250,250
5222,46,250,250
5223,12,250,250
5224,17,250,250
5225,11,250,250
5226,35,250,250
5227,25,250,250
5228,10,250,250
5229,20,250,250
5230,7,250,250
5231,14,250,250
5232,14,250,250
5233,41,250,250
5234,11,250,250
5235,4,250,250
5236,16,250,250
5237,5,250,250
5238,7,250,250
5239,72,250,250
5240,4,250,250
5241,48,250,250
5242,41,250,250
5243,20,250,250
5244,20,250,250
5245,15,250,250
5246,20,250,250
5247,16,250,250
5248,12,250,250
5249,15,250,250
5250,12,250,250
5251,7,250,250
5252,42,250,250
5253,7,250,250
5254,8,250,250
5255,12,250,250
5256,17,250,250
5257,16,250,250
5258,36,250,250
5259,28,250,250
5260,12,250,250
5261,34,250,250
5262,12,250,250
5263,22,250,250
5264,42,250,250
5265,6,250,250
5266,19,250,250
5267,13,250,250
5268,15,250,250
5269,38,250,250
5270,40,250,250
5271,17,250,250
5272,40,250,250
5273,23,250,250
5274,49,250,250
5275,62,250,250
5276,10,250,250
5277,33,250,250
5278,10,250,250
5279,8,250,250
5280,37,250,250
5281,3,250,250
5282,3,250,250
5283,4,250,250
5284,116,250,250
5285,23,250,250
5286,18,250,250
5287,24,250,250
5288,7,250,250
5289,23,250,250
5290,44,250,250
5291,53,250,250
5292,31,250,250
5293,14,250,250
5294,6,250,250
5295,38,250,250
5296,30,250,250
5297,18,250,250
5298,3,250,250
5299,10,250,250
5300,56,250,250
5301,16,250,250
5302,5,250,250
5303,70,250,250
5304,11,250,250
5305,46,250,250
5306,6,250,250
5307,14,250,250
5308,12,250,250
5309,11,250,250
5310,30,250,250
5311,42,250,250
5312,5,250,250
5313,24,250,250
5314,2,250,250
5315,14,250,250
5316,24,250,250
5317,12,250,250
5318,36,250,250
5319,16,250,250
5320,14,250,250
5321,16,250,250
5322,22,250,250
5323,10,250,250
5324,37,250,250
5325,75,250,250
5326,48,250,250
5327,4,250,250
5328,27,250,250
5329,16,250,250
5330,89,250,250
5331,23,250,250
5332,7,250,250
5333,7,250,250
5334,11,250,250
5335,21,250,250
5336,85,250,250
5337,30,250,250
5338,24,250,250
5339,10,250,250
5340,12,250,250
5341,13,250,250
5342,23,250,250
5343,3,250,250
5344,81,250,250
5345,46,250,250
5346,41,250,250
5347,23,250,250
5348,19,250,250
5349,22,250,250
5350,21,250,250
5351,24,250,250
5352,41,250,250
5353,11,250,250
5354,20,250,250
5355,52,250,250
5356,11,250,250
5357,30,250,250
5358,32,250,250
5359,15,250,250
5360,26,250,250
5361,5,250,250
5362,15,250,250
5363,15,250,250
5364,30,250,250
5365,48,250,250
5366,7,250,250
5367,19,250,250
5368,18,250,250
5369,10,250,250
5370,66,250,250
5371,29,250,250
5372,8,250,250
5373,4,250,250
5374,23,250,250
5375,32,250,250
5376,17,250,250
5377,27,250,250
5378,22,250,250
5379,78,250,250
5380,18,250,250
5381,24,250,250
5382,23,250,250
5383,43,250,250
5384,21,250,250
5385,10,250,250
5386,5,250,250
5387,11,250,250
5388,28,250,250
5389,32,250,250
5390,32,250,250
5391,62,250,250
5392,20,250,250
5393,28,250,250
5394,18,250,250
5395,17,250,250
5396,51,250,250
5397,10,250,250
5398,27,250,250
5399,21,250,250
5400,12,250,250
5401,66,250,500
5402,35,250,500
5403,31,250,500
5404,8,250,500
5405,34,250,500
5406,15,250,500
5407,45,250,500
5408,11,250,500
5409,17,250,500
5410,7,250,500
5411,21,250,500
5412,20,250,500
5413,28,250,500
5414,9,250,500
5415,52,250,500
5416,7,250,500
5417,6,250,500
5418,5,250,500
5419,17,250,500
5420,11,250,500
5421,22,250,500
5422,47,250,500
5423,7,250,500
5424,31,250,500
5425,5,250,500
5426,10,250,500
5427,25,250,500
5428,21,250,500
5429,34,250,500
5430,11,250,500
5431,19,250,500
5432,75,250,500
5433,26,250,500
5434,76,250,500
5435,45,250,500
5436,36,250,500
5437,4,250,500
5438,95,250,500
5439,16,250,500
5440,36,250,500
5441,29,250,500
5442,16,250,500
5443,42,250,500
5444,103,250,500
5445,4,250,500
5446,8,250,500
5447,6,250,500
5448,12,250,500
5449,15,250,500
5450,8,250,500
5451,25,250,500
5452,5,250,500
5453,40,250,500
5454,42,250,500
5455,11,250,500
5456,20,250,500
5457,9,250,500
5458,20,250,500
5459,91,250,500
5460,88,250,500
5461,162,250,500
5462,86,250,500
5463,85,250,500
5464,34,250,500
5465,96,250,500
5466,37,250,500
5467,21,250,500
5468,23,250,500
5469,10,250,500
5470,12,250,500
5471,14,250,500
5472,33,250,500
5473,5,250,500
5474,7,250,500
5475,38,250,500
5476,53,250,500
5477,64,250,500
5478,27,250,500
5479,56,250,500
5480,20,250,500
5481,50,250,500
5482,102,250,500
5483,23,250,500
5484,29,250,500
5485,133,250,500
5486,16,250,500
5487,8,250,500
5488,36,250,500
5489,25,250,500
5490,18,250,500
5491,38,250,500
5492,2,250,500
5493,57,250,500
5494,75,250,500
5495,48,250,500
5496,15,250,500
5497,39,250,500
5498,13,250,500
5499,13,250,500
5500,71,250,500
5501,34,250,500
5502,146,250,500
5503,8,250,500
5504,33,250,500
5505,9,250,500
5506,6,250,500
5507,41,250,500
5508,35,250,500
5509,94,250,500
5510,4,250,500
5511,4,250,500
5512,20,250,500
5513,18,250,500
5514,20,250,500
5515,10,250,500
5516,73,250,500
5517,5,250,500
5518,24,250,500
5519,41,250,500
5520,6,250,500
5521,5,250,500
5522,24,250,500
5523,23,250,500
5524,63,250,500
5525,17,250,500
5526,16,250,500
5527,22,250,500
5528,2,250,500
5529,46,250,500
5530,7,250,500
5531,7,250,500
5532,23,250,500
5533,49,250,500
5534,63,250,500
5535,12,250,500
5536,50,250,500
5537,19,250,500
5538,18,250,500
5539,8,250,500
5540,8,250,500
5541,71,250,500
5542,18,250,500
5543,164,250,500
5544,16,250,500
5545,48,250,500
5546,9,250,500
5547,89,250,500
5548,11,250,500
5549,16,250,500
5550,12,250,500
5551,22,250,500
5552,12,250,500
5553,5,250,500
5554,7,250,500
5555,35,250,500
5556,41,250,500
5557,130,250,500
5558,33,250,500
5559,21,250,500
5560,9,250,500
5561,3,250,500
5562,93,250,500
5563,11,250,500
5564,22,250,500
5565,41,250,500
5566,10,250,500
5567,47,250,500
5568,13,250,500
5569,14,250,500
5570,8,250,500
5571,10,250,500
5572,6,250,500
5573,11,250,500
5574,24,250,500
5575,28,250,500
5576,23,250,500
5577,33,250,500
5578,10,250,500
5579,3,250,500
5580,11,250,500
5581,8,250,500
5582,5,250,500
5583,8,250,500
5584,15,250,500
5585,72,250,500
5586,14,250,500
5587,13,250,500
5588,32,250,500
5589,19,250,500
5590,9,250,500
5591,10,250,500
5592,9,250,500
5593,68,250,500
5594,8,250,500
5595,7,250,500
5596,19,250,500
5597,6,250,500
5598,70,250,500
5599,7,250,500
5600,85,250,500
5601,175,250,31250
5602,221,250,31250
5603,75,250,31250
5604,31,250,31250
5605,671,250,31250
5606,28,250,31250
5607,140,250,31250
5608,143,250,31250
5609,60,250,31250
5610,104,250,31250
5611,145,250,31250
5612,392,250,31250
5613,18,250,31250
5614,157,250,31250
5615,200,250,31250
5616,315,250,31250
5617,79,250,31250
5618,501,250,31250
5619,53,250,31250
5620,143,250,31250
5621,112,250,31250
5622,54,250,31250
5623,129,250,31250
5624,207,250,31250
5625,178,250,31250
5626,226,250,31250
5627,265,250,31250
5628,311,250,31250
5629,97,250,31250
5630,8,250,31250
5631,160,250,31250
5632,69,250,31250
5633,268,250,31250
5634,180,250,31250
5635,146,250,31250
5636,141,250,31250
5637,206,250,31250
5638,20,250,31250
5639,141,250,31250
5640,49,250,31250
5641,44,250,31250
5642,121,250,31250
5643,616,250,31250
5644,332,250,31250
5645,54,250,31250
5646,255,250,31250
5647,172,250,31250
5648,237,250,31250
5649,93,250,31250
5650,421,250,31250
5651,82,250,31250
5652,128,250,31250
5653,32,250,31250
5654,67,250,31250
5655,741,250,31250
5656,24,250,31250
5657,156,250,31250
5658,185,250,31250
5659,115,250,31250
5660,11,250,31250
5661,131,250,31250
5662,116,250,31250
5663,158,250,31250
5664,108,250,31250
5665,33,250,31250
5666,64,250,31250
5667,9,250,31250
5668,171,250,31250
5669,197,250,31250
5670,13,250,31250
5671,226,250,31250
5672,177,250,31250
5673,89,250,31250
5674,90,250,31250
5675,260,250,31250
5676,146,250,31250
5677,80,250,31250
5678,41,250,31250
5679,222,250,31250
5680,56,250,31250
5681,221,250,31250
5682,414,250,31250
5683,18,250,31250
5684,487,250,31250
5685,137,250,31250
5686,11,250,31250
5687,84,250,31250
5688,38,250,31250
5689,44,250,31250
5690,83,250,31250
5691,66,250,31250
5692,31,250,31250
5693,127,250,31250
5694,37,250,31250
5695,13,250,31250
5696,296,250,31250
5697,66,250,31250
5698,411,250,31250
5699,144,250,31250
5700,78,250,31250
5701,12,250,31250
5702,253,250,31250
5703,124,250,31250
5704,181,250,31250
5705,52,250,31250
5706,171,250,31250
5707,58,250,31250
5708,182,250,31250
5709,17,250,31250
5710,168,250,31250
5711,208,250,31250
5712,358,250,31250
5713,39,250,31250
5714,102,250,31250
5715,139,250,31250
5716,95,250,31250
5717,111,250,31250
5718,37,250,31250
5719,53,250,31250
5720,123,250,31250
5721,177,250,31250
5722,35,250,31250
5723,78,250,31250
5724,322,250,31250
5725,228,250,31250
5726,195,250,31250
5727,64,250,31250
5728,24,250,31250
5729,101,250,31250
5730,32,250,31250
5731,20,250,31250
5732,32,250,31250
5733,168,250,31250
5734,343,250,31250
5735,119,250,31250
5736,19,250,31250
5737,142,250,31250
5738,77,250,31250
5739,33,250,31250
5740,460,250,31250
5741,106,250,31250
5742,33,250,31250
5743,736,250,31250
5744,393,250,31250
5745,66,250,31250
5746,308,250,31250
5747,96,250,31250
5748,387,250,31250
5749,177,250,31250
5750,219,250,31250
5751,98,250,31250
5752,96,250,31250
5753,25,250,31250
5754,245,250,31250
5755,400,250,31250
5756,83,250,31250
5757,15,250,31250
5758,22,250,31250
5759,229,250,31250
5760,28,250,31250
5761,120,250,31250
5762,127,250,31250
5763,49,250,31250
5764,44,250,31250
5765,425,250,31250
5766,58,250,31250
5767,32,250,31250
5768,132,250,31250
5769,9,250,31250
5770,104,250,31250
5771,136,250,31250
5772,175,250,31250
5773,125,250,31250
5774,467,250,31250
5775,28,250,31250
5776,83,250,31250
5777,156,250,31250
5778,439,250,31250
5779,258,250,31250
5780,114,250,31250
5781,17,250,31250
5782,127,250,31250
5783,152,250,31250
5784,12,250,31250
5785,43,250,31250
5786,111,250,31250
5787,73,250,31250
5788,200,250,31250
5789,164,250,31250
5790,103,250,31250
5791,46,250,31250
5792,79,250,31250
5793,14,250,31250
5794,568,250,31250
5795,127,250,31250
5796,184,250,31250
5797,18,250,31250
5798,178,250,31250
5799,23,250,31250
5800,188,250,31250
5801,95,250,62250
5802,222,250,62250
5803,533,250,62250
5804,321,250,62250
5805,14,250,62250
5806,285,250,62250
5807,18,250,62250
5808,103,250,62250
5809,20,250,62250
5810,86,250,62250
5811,223,250,62250
5812,63,250,62250
5813,153,250,62250
5814,57,250,62250
5815,41,250,62250
5816,120,250,62250
5817,246,250,62250
5818,61,250,62250
5819,30,250,62250
5820,115,250,62250
5821,239,250,62250
5822,202,250,62250
5823,59,250,62250
5824,177,250,62250
5825,35,250,62250
5826,51,250,62250
5827,376,250,62250
5828,75,250,62250
5829,215,250,62250
5830,341,250,62250
5831,225,250,62250
5832,44,250,62250
5833,356,250,62250
5834,258,250,62250
5835,111,250,62250
5836,100,250,62250
5837,383,250,62250
5838,178,250,62250
5839,22,250,62250
5840,26,250,62250
5841,89,250,62250
5842,18,250,62250
5843,361,250,62250
5844,266,250,62250
5845,36,250,62250
5846,272,250,62250
5847,165,250,62250
5848,33,250,62250
5849,50,250,62250
5850,168,250,62250
5851,156,250,62250
5852,211,250,62250
5853,241,250,62250
5854,65,250,62250
5855,478,250,62250
5856,38,250,62250
5857,137,250,62250
5858,142,250,62250
5859,170,250,62250
5860,217,250,62250
5861,53,250,62250
5862,320,250,62250
5863,104,250,62250
5864,96,250,62250
5865,179,250,62250
5866,142,250,62250
5867,248,250,62250
5868,253,250,62250
5869,188,250,62250
5870,295,250,62250
5871,262,250,62250
5872,586,250,62250
5873,36,250,62250
5874,126,250,62250
5875,83,250,62250
5876,111,250,62250
5877,112,250,62250
5878,54,250,62250
5879,144,250,62250
5880,226,250,62250
5881,358,250,62250
5882,10,250,62250
5883,60,250,62250
5884,81,250,62250
5885,23,250,62250
5886,161,250,62250
5887,336,250,62250
5888,23,250,62250
5889,151,250,62250
5890,98,250,62250
5891,78,250,62250
5892,162,250,62250
5893,43,250,62250
5894,253,250,62250
5895,166,250,62250
5896,238,250,62250
5897,231,250,62250
5898,748,250,62250
5899,50,250,62250
5900,18,250,62250
5901,159,250,62250
5902,58,250,62250
5903,37,250,62250
5904,537,250,62250
5905,198,250,62250
5906,41,250,62250
5907,91,250,62250
5908,89,250,62250
5909,36,250,62250
5910,35,250,62250
5911,54,250,62250
5912,24,250,62250
5913,511,250,62250
5914,67,250,62250
5915,157,250,62250
5916,146,250,62250
5917,120,250,62250
5918,402,250,62250
5919,39,250,62250
5920,99,250,62250
5921,262,250,62250
5922,42,250,62250
5923,95,250,62250
5924,389,250,62250
5925,159,250,62250
5926,67,250,62250
5927,47,250,62250
5928,180,250,62250
5929,497,250,62250
5930,165,250,62250
5931,499,250,62250
5932,163,250,62250
5933,105,250,62250
5934,105,250,62250
5935,16,250,62250
5936,55,250,62250
5937,116,250,62250
5938,50,250,62250
5939,24,250,62250
5940,29,250,62250
5941,52,250,62250
5942,91,250,62250
5943,463,250,62250
5944,38,250,62250
5945,53,250,62250
5946,221,250,62250
5947,15,250,62250
5948,162,250,62250
5949,154,250,62250
5950,31,250,62250
5951,95,250,62250
5952,42,250,62250
5953,162,250,62250
5954,568,250,62250
5955,88,250,62250
5956,83,250,62250
5957,473,250,62250
5958,55,250,62250
5959,87,250,62250
5960,64,250,62250
5961,178,250,62250
5962,130,250,62250
5963,345,250,62250
5964,196,250,62250
5965,113,250,62250
5966,216,250,62250
5967,27,250,62250
5968,211,250,62250
5969,420,250,62250
5970,74,250,62250
5971,150,250,62250
5972,70,250,62250
5973,396,250,62250
5974,26,250,62250
5975,128,250,62250
5976,146,250,62250
5977,63,250,62250
5978,79,250,62250
5979,256,250,62250
5980,213,250,62250
5981,87,250,62250
5982,16,250,62250
5983,76,250,62250
5984,263,250,62250
5985,148,250,62250
5986,177,250,62250
5987,12,250,62250
5988,101,250,62250
5989,241,250,62250
5990,388,250,62250
5991,388,250,62250
5992,681,250,62250
5993,83,250,62250
5994,26,250,62250
5995,89,250,62250
5996,74,250,62250
5997,19,250,62250
5998,945,250,62250
5999,29,250,62250
6000,88,250,62250
